Date,Open,High,Low,Close,Adj Close,Volume
2016-08-30,159.759995,160.149994,158.809998,159.399994,127.268356,1813300
2016-08-31,159.660004,159.660004,158.259995,158.880005,126.853180,2323600
2016-09-01,158.320007,159.619995,158.100006,159.539993,127.380173,2358400
2016-09-02,159.880005,160.570007,159.149994,159.550003,127.388161,2315400
2016-09-06,159.880005,160.860001,159.110001,160.350006,128.026855,2994100
2016-09-07,160.190002,161.759995,160.000000,161.639999,129.056839,2867300
2016-09-08,160.550003,161.210007,158.759995,159.000000,126.949020,3963200
2016-09-09,158.029999,158.399994,155.649994,155.690002,124.306236,5186000
2016-09-12,155.259995,158.529999,154.839996,158.289993,126.382088,4367500
2016-09-13,157.630005,157.929993,155.500000,155.809998,124.402023,3636700
2016-09-14,155.699997,155.869995,153.389999,154.050003,122.996796,3860600
2016-09-15,154.300003,156.330002,153.210007,155.660004,124.282288,3645600
2016-09-16,155.039993,155.399994,153.470001,153.839996,122.829163,6463600
2016-09-19,154.869995,156.190002,154.550003,154.869995,123.651497,2450100
2016-09-20,155.869995,156.570007,154.449997,154.449997,123.316193,2159100
2016-09-21,154.910004,155.679993,153.869995,155.529999,124.178482,2473900
2016-09-22,156.149994,157.220001,155.690002,156.110001,124.641571,2691100
2016-09-23,155.619995,156.039993,154.710007,154.979996,123.739349,2702200
2016-09-26,154.460007,154.460007,153.460007,153.979996,122.940903,2533300
2016-09-27,154.320007,156.770004,153.809998,156.770004,125.168533,2987200
2016-09-28,156.990005,158.630005,156.229996,158.289993,126.382088,3310000
2016-09-29,158.630005,165.000000,157.460007,158.110001,126.238419,3374800
2016-09-30,158.899994,159.839996,158.059998,158.850006,126.829239,3596900
2016-10-03,158.059998,158.369995,157.020004,157.610001,125.839165,2227800
2016-10-04,157.669998,158.529999,155.820007,156.460007,124.921028,2884100
2016-10-05,157.070007,157.830002,156.720001,157.080002,125.416023,1684500
2016-10-06,156.839996,157.429993,155.889999,156.880005,125.256378,1950100
2016-10-07,157.139999,157.699997,154.860001,155.669998,124.290253,2671900
2016-10-10,156.710007,158.490005,156.660004,157.020004,125.368118,2481300
2016-10-11,156.729996,156.949997,153.889999,154.789993,123.587654,2901300
2016-10-12,154.970001,154.970001,153.080002,154.289993,123.188423,2964000
2016-10-13,153.699997,154.220001,152.270004,153.720001,122.733330,2909900
2016-10-14,154.470001,155.529999,154.089996,154.449997,123.316193,4358200
2016-10-17,154.449997,155.889999,154.339996,154.770004,123.571693,5890400
2016-10-18,150.020004,151.000000,147.789993,150.720001,120.338051,12770600
2016-10-19,151.270004,152.449997,150.830002,151.259995,120.769211,4632900
2016-10-20,151.279999,152.899994,151.020004,151.520004,120.976799,4023100
2016-10-21,150.580002,151.149994,149.559998,149.630005,119.467773,4414200
2016-10-24,150.399994,151.520004,150.399994,150.570007,120.218277,2666700
2016-10-25,150.570007,151.160004,149.830002,150.880005,120.465836,2647500
2016-10-26,150.710007,152.940002,150.259995,151.809998,121.208351,2811700
2016-10-27,152.820007,154.059998,152.020004,153.350006,122.437958,4229300
2016-10-28,154.050003,154.440002,152.179993,152.610001,121.847099,3654500
2016-10-31,152.759995,154.330002,152.759995,153.690002,122.709351,3553200
2016-11-01,153.500000,153.910004,151.740005,152.789993,121.990799,3191900
2016-11-02,152.479996,153.350006,151.669998,151.949997,121.320152,3074400
2016-11-03,152.509995,153.740005,151.800003,152.369995,121.655464,2878800
2016-11-04,152.399994,153.639999,151.869995,152.429993,121.703377,2470400
2016-11-07,153.990005,156.110001,153.839996,155.720001,124.330185,3804900
2016-11-08,154.559998,155.929993,153.059998,155.169998,125.014984,3921900
2016-11-09,152.960007,155.559998,151.000000,154.809998,124.724953,5403700
2016-11-10,157.660004,161.160004,157.589996,160.220001,129.083588,7715800
2016-11-11,159.970001,161.339996,159.330002,161.270004,129.929565,4446600
2016-11-14,161.250000,161.860001,157.580002,158.210007,127.464226,5196500
2016-11-15,158.419998,159.149994,157.550003,158.669998,127.834801,3477000
2016-11-16,158.460007,159.550003,158.029999,159.289993,128.334290,2252800
2016-11-17,159.220001,159.929993,158.850006,159.800003,128.745209,2261200
2016-11-18,159.800003,160.720001,159.210007,160.389999,129.220566,2981600
2016-11-21,160.690002,163.000000,160.369995,162.770004,131.138062,4637100
2016-11-22,163.000000,163.000000,161.949997,162.669998,131.057495,2770800
2016-11-23,161.940002,162.380005,161.360001,161.979996,130.501541,2252700
2016-11-25,161.830002,163.190002,161.830002,163.139999,131.436127,1605300
2016-11-28,163.199997,164.660004,162.699997,164.520004,132.547958,4449400
2016-11-29,164.000000,164.410004,163.029999,163.529999,131.750351,3148200
2016-11-30,163.350006,163.800003,162.210007,162.220001,130.694931,4397800
2016-12-01,161.949997,162.199997,158.300003,159.820007,128.761322,4635700
2016-12-02,159.000000,160.289993,158.410004,160.020004,128.922455,2740900
2016-12-05,160.850006,161.149994,159.589996,159.839996,128.777435,3447100
2016-12-06,160.130005,160.789993,158.929993,160.350006,129.188339,2859000
2016-12-07,160.600006,165.179993,160.389999,164.789993,132.765472,4435100
2016-12-08,164.869995,166.000000,164.220001,165.360001,133.224701,3266400
2016-12-09,165.179993,166.720001,164.600006,166.520004,134.159271,3146900
2016-12-12,166.720001,166.789993,165.070007,165.500000,133.337509,3392300
2016-12-13,165.679993,169.949997,165.679993,168.289993,135.585327,5932300
2016-12-14,168.369995,169.889999,167.449997,168.509995,135.762573,4124200
2016-12-15,168.009995,169.850006,167.779999,168.020004,135.367783,3388600
2016-12-16,168.970001,169.110001,166.059998,166.729996,134.328476,7120600
2016-12-19,166.830002,167.259995,166.000000,166.679993,134.288162,2955900
2016-12-20,167.490005,168.250000,166.449997,167.600006,135.029419,2174600
2016-12-21,166.250000,167.940002,165.250000,167.330002,134.811874,3575700
2016-12-22,167.360001,168.229996,166.580002,167.059998,134.594330,2802600
2016-12-23,167.000000,167.490005,166.449997,166.710007,134.312378,1701200
2016-12-27,166.979996,167.979996,166.850006,167.139999,134.658798,1397500
2016-12-28,167.289993,167.740005,166.000000,166.190002,133.893402,1757500
2016-12-29,166.020004,166.990005,166.000000,166.600006,134.223770,1663500
2016-12-30,166.440002,166.699997,165.500000,165.990005,133.732269,2952800
2017-01-03,167.000000,167.869995,166.009995,167.190002,134.699081,2934300
2017-01-04,167.770004,169.869995,167.360001,169.259995,136.366806,3381400
2017-01-05,169.250000,169.389999,167.259995,168.699997,135.915649,2682300
2017-01-06,168.690002,169.919998,167.520004,169.529999,136.584320,2945500
2017-01-09,169.470001,169.800003,167.619995,167.649994,135.069672,3189900
2017-01-10,167.979996,168.089996,165.339996,165.520004,133.353622,4118700
2017-01-11,166.050003,167.759995,165.600006,167.750000,135.150238,3599500
2017-01-12,167.770004,168.009995,165.559998,167.949997,135.311401,2927500
2017-01-13,167.970001,168.479996,166.880005,167.339996,134.819901,2875400
2017-01-17,166.690002,168.179993,166.119995,167.889999,135.263062,3315700
2017-01-18,167.449997,168.589996,166.690002,166.800003,134.384872,4007800
2017-01-19,166.960007,167.449997,165.800003,166.809998,134.392914,6963400
2017-01-20,167.809998,170.639999,166.000000,170.550003,137.406097,12690000
2017-01-23,170.080002,171.250000,170.009995,171.029999,137.792801,5478200
2017-01-24,171.360001,176.000000,171.160004,175.899994,141.716415,6952400
2017-01-25,176.259995,179.250000,176.130005,178.289993,143.641922,5922500
2017-01-26,178.059998,178.880005,177.509995,178.660004,143.940063,3063900
2017-01-27,178.470001,179.199997,177.300003,177.300003,142.844360,3482300
2017-01-30,176.979996,177.070007,174.580002,175.800003,141.635880,4094800
2017-01-31,175.050003,175.580002,173.610001,174.520004,140.604599,4139000
2017-02-01,175.000000,175.699997,172.889999,174.289993,140.419296,2795700
2017-02-02,174.229996,174.970001,173.550003,174.580002,140.652939,2620500
2017-02-03,175.000000,176.339996,174.889999,175.820007,141.651932,3309300
2017-02-06,175.309998,175.979996,174.380005,175.860001,141.684174,2650800
2017-02-07,176.000000,178.619995,175.899994,178.460007,143.778931,3873500
2017-02-08,177.500000,177.500000,175.880005,176.169998,143.056213,2913100
2017-02-09,176.169998,177.800003,175.910004,177.210007,143.900742,3090700
2017-02-10,177.369995,178.869995,176.759995,178.679993,145.094406,2930700
2017-02-13,179.240005,179.899994,178.839996,179.360001,145.646591,3093400
2017-02-14,178.570007,180.130005,178.350006,180.130005,146.271896,2776500
2017-02-15,180.199997,181.919998,179.809998,181.679993,147.530518,2914300
2017-02-16,181.449997,182.789993,180.869995,181.429993,147.327515,3251500
2017-02-17,181.250000,181.570007,180.000000,180.669998,146.710358,3552500
2017-02-21,180.600006,180.789993,179.119995,180.259995,146.377441,4480300
2017-02-22,180.089996,181.339996,180.089996,181.149994,147.100143,3020500
2017-02-23,182.000000,182.500000,180.919998,181.649994,147.506180,2282500
2017-02-24,180.210007,181.490005,179.889999,181.350006,147.262573,3300100
2017-02-27,181.190002,181.250000,179.279999,179.399994,145.679062,3691300
2017-02-28,179.380005,180.630005,179.350006,179.820007,146.020142,3273400
2017-03-01,180.479996,182.550003,180.029999,181.949997,147.749786,3005600
2017-03-02,181.880005,181.880005,180.429993,180.529999,146.596680,2918200
2017-03-03,180.529999,181.320007,179.759995,180.050003,146.206909,1822000
2017-03-06,179.720001,180.990005,179.570007,180.470001,146.547974,3204400
2017-03-07,180.710007,181.289993,180.199997,180.380005,146.474884,2980500
2017-03-08,180.750000,180.949997,179.300003,179.449997,145.719681,3557400
2017-03-09,179.149994,179.250000,175.880005,177.179993,143.876358,5444100
2017-03-10,178.210007,179.490005,177.419998,177.830002,144.404190,3100300
2017-03-13,177.850006,178.059998,176.419998,176.460007,143.291702,3482200
2017-03-14,176.179993,176.820007,175.210007,175.720001,142.690826,3147500
2017-03-15,175.710007,176.279999,174.750000,175.809998,142.763885,3815500
2017-03-16,178.460007,179.000000,176.820007,177.240005,143.925095,4311800
2017-03-17,176.289993,176.789993,175.649994,175.649994,142.633957,5921000
2017-03-20,175.649994,176.179993,175.139999,175.699997,142.674545,2476100
2017-03-21,176.009995,176.229996,173.839996,173.880005,141.196686,3927700
2017-03-22,174.039993,175.059998,172.800003,174.779999,141.927475,3450500
2017-03-23,174.429993,175.669998,173.559998,174.820007,141.959946,3740000
2017-03-24,175.119995,175.500000,173.389999,173.830002,141.156036,3221700
2017-03-27,172.690002,174.160004,172.089996,173.770004,141.107346,3259000
2017-03-28,173.940002,175.000000,173.000000,174.509995,141.708221,3523900
2017-03-29,174.300003,174.490005,173.460007,173.940002,141.245392,3085600
2017-03-30,173.860001,174.589996,173.690002,173.860001,141.180405,3168300
2017-03-31,173.979996,174.949997,173.690002,174.139999,141.407761,2913700
2017-04-03,173.820007,174.869995,173.380005,174.500000,141.700104,4286500
2017-04-04,173.520004,174.960007,173.259995,174.520004,141.716354,3108900
2017-04-05,174.699997,176.330002,172.809998,172.880005,140.384644,6238900
2017-04-06,173.470001,173.470001,172.250000,172.449997,140.035416,3435400
2017-04-07,172.080002,172.929993,171.279999,172.139999,139.783722,3588300
2017-04-10,172.529999,172.559998,171.000000,171.199997,139.020370,3789900
2017-04-11,170.649994,171.229996,168.979996,170.580002,138.516922,4891900
2017-04-12,171.039993,171.199997,170.020004,170.660004,138.581909,3276900
2017-04-13,169.919998,171.360001,169.529999,169.529999,137.664291,3205500
2017-04-17,169.750000,171.300003,169.619995,171.100006,138.939224,3720200
2017-04-18,170.789993,171.690002,169.830002,170.050003,138.086563,6345500
2017-04-19,161.759995,162.639999,159.600006,161.690002,131.297913,19284300
2017-04-20,161.320007,162.399994,160.500000,162.300003,131.793259,6486800
2017-04-21,162.050003,162.110001,160.380005,160.380005,130.234177,5607800
2017-04-24,161.289993,161.570007,160.419998,160.750000,130.534637,5320600
2017-04-25,161.779999,162.039993,160.380005,160.389999,130.242310,4860400
2017-04-26,160.529999,161.100006,159.889999,160.059998,129.974319,4327800
2017-04-27,160.289993,160.479996,159.630005,160.320007,130.185440,4122600
2017-04-28,160.500000,160.589996,159.699997,160.289993,130.161072,4154100
2017-05-01,160.050003,160.419998,158.699997,158.839996,128.983627,4935300
2017-05-02,159.440002,159.490005,158.639999,159.100006,129.194778,3208200
2017-05-03,158.740005,159.449997,158.520004,158.630005,128.813095,3993300
2017-05-04,158.889999,159.139999,158.360001,159.050003,129.154190,4280600
2017-05-05,153.520004,155.779999,153.000000,155.050003,125.906029,12521300
2017-05-08,152.800003,153.470001,152.199997,153.029999,125.479630,7492000
2017-05-09,152.600006,153.100006,151.559998,152.110001,124.725273,6853000
2017-05-10,151.649994,152.369995,151.130005,151.250000,124.020111,4999900
2017-05-11,151.050003,151.149994,149.789993,150.649994,123.528130,5627900
2017-05-12,150.300003,151.259995,150.000000,150.369995,123.298508,3715300
2017-05-15,150.619995,151.830002,150.449997,151.509995,124.233292,4245500
2017-05-16,151.660004,153.990005,151.660004,153.679993,126.012627,5513700
2017-05-17,153.300003,154.139999,150.889999,150.929993,123.757698,5191500
2017-05-18,150.860001,151.330002,150.110001,150.779999,123.634735,3274200
2017-05-19,151.009995,152.460007,150.889999,151.979996,124.618690,5643000
2017-05-22,152.100006,152.839996,151.600006,152.639999,125.159836,3302100
2017-05-23,152.570007,153.679993,151.919998,152.029999,124.659683,2564500
2017-05-24,152.210007,152.759995,151.229996,152.509995,125.053268,3732400
2017-05-25,153.250000,153.729996,152.949997,153.199997,125.619034,2582700
2017-05-26,152.850006,153.000000,152.059998,152.490005,125.036842,2443300
2017-05-30,151.949997,152.669998,151.589996,151.729996,124.413666,3666000
2017-05-31,152.029999,152.800003,151.649994,152.630005,125.151688,3543400
2017-06-01,152.800003,152.869995,151.630005,152.669998,125.184425,2918100
2017-06-02,153.070007,153.199997,151.800003,152.050003,124.676086,3585700
2017-06-05,151.820007,152.929993,151.679993,152.410004,124.971252,3975100
2017-06-06,152.000000,152.889999,152.000000,152.369995,124.938477,3797200
2017-06-07,153.050003,154.199997,150.800003,150.979996,123.798714,4865700
2017-06-08,151.000000,152.820007,150.919998,152.100006,124.717087,3709000
2017-06-09,152.000000,154.259995,151.880005,154.100006,126.357002,4361500
2017-06-12,154.190002,157.199997,154.020004,155.179993,127.242569,6471500
2017-06-13,155.440002,155.479996,154.149994,154.250000,126.479973,3523500
2017-06-14,153.970001,154.940002,152.940002,153.809998,126.119217,3049100
2017-06-15,153.289993,154.690002,153.289993,154.220001,126.455406,4654300
2017-06-16,154.229996,155.419998,152.970001,155.380005,127.406570,6742000
2017-06-19,155.509995,155.860001,154.539993,154.839996,126.963791,4629500
2017-06-20,154.479996,155.389999,154.250000,154.949997,127.053993,4481700
2017-06-21,155.789993,155.789993,153.389999,153.789993,126.102798,3959700
2017-06-22,154.550003,154.990005,153.690002,154.399994,126.603004,2376500
2017-06-23,154.339996,154.679993,153.800003,154.110001,126.365227,3282200
2017-06-26,154.710007,155.750000,154.630005,155.229996,127.283585,2153500
2017-06-27,155.000000,155.339996,154.500000,154.750000,126.890015,2386500
2017-06-28,155.149994,155.550003,154.779999,155.320007,127.357391,2221000
2017-06-29,155.350006,155.740005,153.619995,154.130005,126.381638,3262200
2017-06-30,154.279999,154.500000,153.139999,153.830002,126.135628,3571500
2017-07-03,153.580002,156.029999,153.520004,155.580002,127.570564,2822500
2017-07-05,155.770004,155.889999,153.630005,153.669998,126.004448,3564400
2017-07-06,153.360001,153.830002,152.229996,152.360001,124.930305,2757500
2017-07-07,152.619995,153.490005,152.139999,152.940002,125.405838,2460100
2017-07-10,152.910004,153.889999,152.630005,153.419998,125.799438,3206200
2017-07-11,153.259995,153.649994,152.050003,153.190002,125.610832,3447500
2017-07-12,153.479996,154.240005,153.050003,153.699997,126.029030,3097900
2017-07-13,153.699997,154.190002,153.190002,153.630005,125.971626,2476100
2017-07-14,154.009995,154.619995,153.399994,154.240005,126.471809,3256400
2017-07-17,153.589996,153.880005,152.240005,153.009995,125.463249,4762600
2017-07-18,152.360001,154.289993,152.000000,154.000000,126.275002,7566800
2017-07-19,150.020004,150.250000,146.710007,147.529999,120.969803,14293600
2017-07-20,147.529999,148.830002,147.029999,147.660004,121.076439,7212200
2017-07-21,147.589996,147.869995,146.509995,147.080002,120.600830,6509500
2017-07-24,147.000000,147.039993,145.800003,145.990005,119.707115,3877600
2017-07-25,146.570007,147.490005,146.029999,146.190002,119.871094,4208900
2017-07-26,146.270004,146.460007,144.470001,145.360001,119.190514,3932400
2017-07-27,145.000000,145.399994,143.639999,145.070007,118.952721,6430800
2017-07-28,144.809998,145.039993,143.839996,144.289993,118.313126,3054800
2017-07-31,144.380005,144.929993,144.169998,144.669998,118.624733,4355700
2017-08-01,145.000000,145.669998,144.720001,145.300003,119.141319,3219500
2017-08-02,145.119995,145.289993,144.220001,144.449997,118.444321,3540900
2017-08-03,144.429993,145.339996,144.429993,144.940002,118.846123,3035400
2017-08-04,145.000000,145.389999,144.399994,145.160004,119.026505,2549400
2017-08-07,145.000000,145.089996,142.750000,143.470001,117.640755,4618300
2017-08-08,142.000000,142.759995,142.000000,142.110001,117.756767,3298700
2017-08-09,141.750000,142.029999,141.190002,141.770004,117.475037,2925800
2017-08-10,141.639999,142.419998,141.229996,141.839996,117.533035,4525400
2017-08-11,142.449997,142.589996,141.520004,141.839996,117.533035,3004000
2017-08-14,142.000000,142.759995,141.940002,142.320007,117.930771,2248600
2017-08-15,142.550003,143.339996,140.580002,142.070007,117.723633,4681500
2017-08-16,141.789993,142.910004,141.610001,142.500000,118.079918,3287800
2017-08-17,142.520004,142.889999,140.699997,140.699997,116.588394,4422100
2017-08-18,140.869995,141.149994,139.580002,139.699997,115.759789,4152700
2017-08-21,139.589996,140.419998,139.130005,140.330002,116.281799,3190700
2017-08-22,140.639999,141.149994,140.380005,141.009995,116.845268,2544400
2017-08-23,140.699997,143.050003,140.679993,142.139999,117.781616,4048300
2017-08-24,142.500000,143.679993,142.250000,142.940002,118.444511,3592200
2017-08-25,143.300003,144.190002,143.250000,143.740005,119.107422,2872900
2017-08-28,144.110001,144.559998,142.389999,142.509995,118.088196,5086000
2017-08-29,142.100006,143.429993,141.899994,143.139999,118.610268,3009500
2017-08-30,143.259995,143.279999,142.410004,142.559998,118.129662,2736000
2017-08-31,143.020004,143.660004,142.630005,143.029999,118.519089,3656400
2017-09-01,142.979996,144.500000,142.979996,144.080002,119.389160,3351700
2017-09-05,143.500000,144.360001,142.699997,143.039993,118.527405,3097500
2017-09-06,143.880005,144.470001,143.500000,143.820007,119.173744,3273300
2017-09-07,144.100006,144.639999,142.410004,142.899994,118.411377,4188200
2017-09-08,143.149994,143.149994,141.639999,142.449997,118.038498,3366200
2017-09-11,143.539993,145.130005,143.009995,144.860001,120.035492,4613400
2017-09-12,145.110001,146.369995,144.509995,145.759995,120.781242,5238100
2017-09-13,145.350006,146.289993,145.339996,145.990005,120.971893,4101000
2017-09-14,145.860001,146.380005,145.509995,145.539993,120.598984,3756900
2017-09-15,144.820007,145.169998,144.080002,144.820007,120.002342,7397200
2017-09-18,144.809998,145.479996,144.270004,144.550003,119.778633,3019500
2017-09-19,144.789993,144.979996,144.220001,144.389999,119.646042,3464400
2017-09-20,144.929993,145.880005,144.419998,145.880005,120.880722,5447500
2017-09-21,145.649994,145.889999,145.100006,145.259995,120.366951,2555600
2017-09-22,145.589996,145.589996,144.589996,145.130005,120.259216,2792300
2017-09-25,145.119995,146.029999,144.910004,145.869995,120.872406,5213100
2017-09-26,146.360001,147.419998,145.940002,146.559998,121.444168,4488600
2017-09-27,146.679993,146.899994,145.029999,145.660004,120.698418,3502700
2017-09-28,145.660004,145.860001,144.210007,145.660004,120.698418,2774800
2017-09-29,145.449997,145.690002,144.919998,145.080002,120.217812,2654700
2017-10-02,145.350006,146.869995,145.210007,146.660004,121.527054,2973200
2017-10-03,146.690002,147.199997,146.339996,146.779999,121.626457,2302700
2017-10-04,147.000000,147.020004,146.110001,146.479996,121.377869,2244400
2017-10-05,146.679993,147.539993,146.479996,146.720001,121.576752,2686500
2017-10-06,146.639999,146.850006,146.320007,146.479996,121.377869,2623200
2017-10-09,146.500000,147.789993,146.350006,147.389999,122.131935,2682600
2017-10-10,147.710007,148.949997,147.649994,148.500000,123.051712,4032600
2017-10-11,148.399994,148.470001,147.279999,147.619995,122.322525,3702200
2017-10-12,147.559998,147.889999,146.770004,147.029999,121.833641,3264300
2017-10-13,147.479996,147.850006,146.940002,147.100006,121.891640,2506600
2017-10-16,147.220001,147.669998,146.509995,146.830002,121.667885,3052100
2017-10-17,146.630005,147.119995,146.179993,146.539993,121.427597,6372400
2017-10-18,157.119995,161.229996,156.949997,159.529999,132.191544,30490200
2017-10-19,159.800003,160.960007,159.089996,160.899994,133.326736,9914200
2017-10-20,161.070007,162.479996,159.770004,162.070007,134.296249,7868800
2017-10-23,162.050003,162.509995,159.539993,159.550003,132.208115,5779400
2017-10-24,159.649994,159.699997,155.169998,155.880005,129.167023,8194700
2017-10-25,156.009995,156.369995,153.059998,153.500000,127.194862,6921100
2017-10-26,154.309998,155.119995,153.539993,153.600006,127.277748,4300500
2017-10-27,154.539993,154.630005,152.910004,153.679993,127.344032,4895200
2017-10-30,153.759995,154.589996,152.710007,154.360001,127.907478,4210400
2017-10-31,154.330002,154.929993,152.929993,154.059998,127.658882,4328300
2017-11-01,154.100006,154.899994,153.830002,154.029999,127.634041,3240200
2017-11-02,154.179993,154.490005,152.910004,153.350006,127.070595,3397600
2017-11-03,153.419998,153.470001,151.490005,151.580002,125.603897,4431800
2017-11-06,151.770004,151.820007,150.279999,150.839996,124.990715,4498400
2017-11-07,151.369995,151.509995,150.500000,151.350006,125.413300,3701100
2017-11-08,151.600006,151.789993,150.279999,151.570007,125.595627,4634400
2017-11-09,149.929993,151.800003,149.860001,150.300003,125.788094,4776500
2017-11-10,150.649994,150.889999,149.139999,149.160004,124.834023,4307300
2017-11-13,148.880005,149.000000,147.919998,148.399994,124.197968,5107500
2017-11-14,147.949997,148.970001,147.490005,148.889999,124.608055,3758000
2017-11-15,148.000000,148.710007,146.210007,147.100006,123.110001,4773300
2017-11-16,147.729996,149.649994,147.500000,149.119995,124.800529,5446500
2017-11-17,149.339996,150.149994,148.830002,148.970001,124.675011,4916500
2017-11-20,150.639999,151.949997,149.899994,150.509995,125.963860,5676500
2017-11-21,151.300003,152.449997,151.199997,151.949997,127.168983,3756200
2017-11-22,152.000000,152.389999,151.330002,151.770004,127.018341,3213600
2017-11-24,151.949997,152.199997,151.330002,151.839996,127.076942,1193000
2017-11-27,152.059998,152.490005,151.619995,151.979996,127.194115,3374000
2017-11-28,152.350006,152.929993,151.699997,152.470001,127.604210,3973700
2017-11-29,152.809998,153.610001,152.169998,153.550003,128.508072,5098700
2017-11-30,153.649994,154.410004,153.080002,153.970001,128.859558,6500800
2017-12-01,154.399994,155.020004,152.910004,154.759995,129.520721,5567900
2017-12-04,155.960007,156.800003,155.070007,156.460007,130.943497,4664300
2017-12-05,156.449997,156.740005,154.679993,155.350006,130.014526,5068000
2017-12-06,154.100006,156.220001,154.089996,154.100006,128.968369,3410700
2017-12-07,153.589996,154.449997,153.259995,153.570007,128.524811,3771100
2017-12-08,154.979996,155.029999,153.550003,154.809998,129.562546,3520300
2017-12-11,155.460007,155.889999,154.570007,155.410004,130.064713,4102700
2017-12-12,157.300003,157.850006,155.160004,156.740005,131.177841,6321800
2017-12-13,156.600006,156.729996,153.889999,153.910004,128.809372,5661600
2017-12-14,154.600006,155.110001,153.699997,154.000000,128.884705,4637400
2017-12-15,153.610001,153.800003,152.029999,152.500000,127.629303,11279900
2017-12-18,153.589996,154.179993,153.210007,153.330002,128.323944,5092800
2017-12-19,154.050003,154.169998,153.089996,153.229996,128.240234,4116400
2017-12-20,153.649994,153.889999,152.779999,152.949997,128.005936,3785700
2017-12-21,153.169998,153.460007,151.490005,151.500000,126.792397,4153900
2017-12-22,151.820007,153.000000,151.500000,152.500000,127.629303,2990600
2017-12-26,152.509995,153.860001,152.500000,152.830002,127.905518,2479000
2017-12-27,152.949997,153.179993,152.610001,153.130005,128.156570,2149300
2017-12-28,153.199997,154.119995,153.199997,154.039993,128.918182,2687600
2017-12-29,154.169998,154.720001,153.419998,153.419998,128.399277,3327100
2018-01-02,154.500000,154.809998,153.539993,154.250000,129.093903,4202500
2018-01-03,157.339996,159.809998,156.330002,158.490005,132.642441,9441600
2018-01-04,159.649994,162.320007,159.369995,161.699997,135.328934,7556200
2018-01-05,162.440002,162.899994,161.100006,162.490005,135.990097,5195800
2018-01-08,162.660004,163.910004,161.699997,163.470001,136.810242,5237500
2018-01-09,163.899994,164.529999,163.059998,163.830002,137.111511,4341800
2018-01-10,162.910004,164.330002,162.500000,164.179993,137.404465,4174100
2018-01-11,164.800003,164.940002,163.300003,164.199997,137.421234,3794500
2018-01-12,164.020004,164.740005,163.029999,163.139999,136.534058,5031900
2018-01-16,165.100006,165.289993,163.350006,163.850006,137.128265,7794200
2018-01-17,168.009995,169.130005,167.259995,168.649994,141.145447,11710000
2018-01-18,170.000000,171.130005,168.149994,169.119995,141.538788,14259300
2018-01-19,164.460007,165.399994,161.300003,162.369995,135.889664,21172500
2018-01-22,161.509995,163.979996,161.110001,162.600006,136.082153,8480800
2018-01-23,162.820007,166.259995,162.509995,166.250000,139.136887,7466200
2018-01-24,166.750000,168.720001,164.820007,165.369995,138.400375,5645000
2018-01-25,165.910004,166.779999,165.190002,165.470001,138.484070,3302500
2018-01-26,166.119995,167.410004,165.789993,167.339996,140.049103,3787900
2018-01-29,167.449997,168.389999,166.009995,166.800003,139.597198,3517000
2018-01-30,166.210007,166.770004,163.160004,163.619995,136.935806,4902300
2018-01-31,163.750000,164.990005,162.759995,163.699997,137.002747,4072800
2018-02-01,163.190002,164.130005,161.899994,162.399994,135.914749,4434200
2018-02-02,161.699997,162.000000,158.869995,159.029999,133.094345,5251900
2018-02-05,157.889999,158.500000,150.000000,152.529999,127.654434,8746600
2018-02-06,150.289993,155.490005,149.110001,155.339996,130.006134,9867700
2018-02-07,154.169998,155.339996,153.279999,153.850006,128.759140,6149200
2018-02-08,152.479996,153.160004,147.500000,147.589996,124.736229,6779100
2018-02-09,148.600006,150.539993,144.399994,149.509995,126.358910,7828300
2018-02-12,150.899994,152.399994,150.300003,151.399994,127.956223,5881400
2018-02-13,150.899994,151.179993,149.639999,150.750000,127.406906,4891000
2018-02-14,150.190002,155.000000,150.000000,154.759995,130.795990,5479000
2018-02-15,155.500000,156.860001,153.699997,156.009995,131.852402,5623600
2018-02-16,155.710007,157.789993,155.690002,156.179993,131.996094,4282900
2018-02-20,155.789993,155.960007,153.869995,155.160004,131.134033,4489600
2018-02-21,155.429993,156.789993,153.899994,153.960007,130.119858,3728600
2018-02-22,154.500000,155.039993,152.789993,153.179993,129.460632,4024600
2018-02-23,154.300003,155.850006,154.070007,155.520004,131.438293,3256100
2018-02-26,155.809998,158.880005,155.509995,158.580002,134.024445,3610300
2018-02-27,158.460007,159.779999,156.529999,156.550003,132.308823,4237300
2018-02-28,157.500000,158.139999,155.800003,155.830002,131.700287,3803500
2018-03-01,155.529999,156.970001,152.789993,153.809998,129.993057,4039300
2018-03-02,152.789993,154.759995,151.880005,154.490005,130.567810,3261100
2018-03-05,154.119995,157.490005,153.750000,156.949997,132.646851,3670600
2018-03-06,157.279999,157.889999,155.160004,155.720001,131.607300,3685700
2018-03-07,155.000000,158.830002,154.729996,158.320007,133.804733,4607700
2018-03-08,159.000000,159.570007,155.070007,156.210007,132.021469,6455600
2018-03-09,157.470001,159.580002,157.300003,159.309998,134.641418,5022200
2018-03-12,159.639999,161.020004,158.869995,160.259995,135.444305,5063500
2018-03-13,160.089996,162.110001,158.809998,159.320007,134.649872,4185600
2018-03-14,160.169998,160.679993,157.740005,158.119995,133.635712,3631800
2018-03-15,158.710007,161.250000,158.520004,159.610001,134.894943,3870600
2018-03-16,160.059998,161.979996,159.639999,160.259995,135.444305,9262700
2018-03-19,159.710007,159.889999,156.449997,157.350006,132.984924,5482000
2018-03-20,157.520004,157.929993,155.289993,156.199997,132.012985,4336700
2018-03-21,156.570007,158.199997,155.919998,156.690002,132.427109,3482200
2018-03-22,155.000000,155.250000,152.000000,152.089996,128.539398,4746300
2018-03-23,152.250000,152.580002,148.539993,148.889999,125.834938,4440900
2018-03-26,151.210007,153.660004,150.279999,153.369995,129.621185,4103900
2018-03-27,153.949997,154.869995,151.160004,151.910004,128.387268,3883700
2018-03-28,152.070007,153.860001,151.889999,152.520004,128.902863,3664800
2018-03-29,153.070007,153.889999,151.080002,153.429993,129.671921,3420000
2018-04-02,153.339996,153.380005,148.429993,150.070007,126.832176,5150400
2018-04-03,150.800003,151.000000,148.300003,149.850006,126.646278,4135700
2018-04-04,147.889999,154.470001,147.449997,154.119995,130.255066,4805300
2018-04-05,154.440002,154.919998,153.339996,154.029999,130.178986,3185400
2018-04-06,153.460007,153.949997,149.539993,150.570007,127.254814,3672900
2018-04-09,151.800003,154.660004,151.740005,152.690002,129.046494,4413200
2018-04-10,155.029999,156.600006,154.750000,155.389999,131.328445,3806400
2018-04-11,154.369995,155.779999,153.880005,155.360001,131.303055,3306500
2018-04-12,156.750000,158.979996,156.669998,158.070007,133.593430,5639400
2018-04-13,158.669998,159.220001,155.910004,156.710007,132.444031,4057100
2018-04-16,157.990005,159.139999,157.669998,157.889999,133.441269,4186800
2018-04-17,158.820007,162.000000,158.509995,160.910004,135.993668,10207500
2018-04-18,152.139999,152.630005,148.259995,148.789993,125.750381,20381700
2018-04-19,149.190002,149.210007,146.619995,147.699997,124.829185,8086100
2018-04-20,147.899994,147.970001,144.509995,144.899994,122.462753,8265600
2018-04-23,145.029999,145.960007,144.330002,145.860001,123.274101,5315600
2018-04-24,146.509995,147.300003,144.529999,145.559998,123.020523,4916500
2018-04-25,145.789993,146.399994,144.110001,145.940002,123.341743,7326400
2018-04-26,146.600006,147.360001,146.199997,146.720001,124.000923,4265800
2018-04-27,146.839996,147.250000,145.660004,146.479996,123.798096,3205500
2018-04-30,146.860001,147.380005,144.960007,144.960007,122.513458,4415500
2018-05-01,144.649994,145.020004,143.470001,145.000000,122.547295,4433400
2018-05-02,144.460007,144.820007,142.070007,142.449997,120.392128,5194900
2018-05-03,142.130005,142.229996,139.899994,141.990005,120.003365,5018600
2018-05-04,141.100006,144.350006,140.279999,143.910004,121.626038,4402200
2018-05-07,144.000000,144.320007,142.639999,143.220001,121.042877,3657000
2018-05-08,143.000000,143.509995,142.059998,143.000000,120.856949,5369100
2018-05-09,141.899994,143.020004,141.279999,142.610001,121.865288,4196000
2018-05-10,143.149994,144.330002,143.009995,144.240005,123.258209,3726600
2018-05-11,144.110001,144.850006,143.580002,144.139999,123.172752,3073200
2018-05-14,144.470001,145.119995,144.139999,144.300003,123.309471,3216100
2018-05-15,143.500000,143.990005,142.919998,143.740005,122.830963,4089400
2018-05-16,143.699997,145.029999,143.270004,144.630005,123.591484,3168700
2018-05-17,144.500000,145.190002,143.770004,144.500000,123.480400,3147700
2018-05-18,144.470001,144.940002,143.990005,144.080002,123.121490,2682200
2018-05-21,144.949997,146.039993,144.679993,145.490005,124.326363,2894700
2018-05-22,145.520004,146.199997,145.000000,145.089996,123.984528,2284000
2018-05-23,144.350006,144.699997,143.479996,144.669998,123.625679,3459700
2018-05-24,144.389999,144.479996,142.949997,144.070007,123.112946,3398700
2018-05-25,143.899994,144.570007,143.460007,143.639999,122.745483,4914300
2018-05-29,142.529999,142.889999,140.210007,141.220001,120.677528,4537600
2018-05-30,141.899994,143.100006,141.820007,142.619995,121.873856,5118500
2018-05-31,142.809998,142.809998,141.050003,141.309998,120.754417,6830300
2018-06-01,142.429993,142.839996,141.619995,141.949997,121.301300,3857500
2018-06-04,142.300003,143.169998,142.179993,143.039993,122.232773,3035300
2018-06-05,143.050003,144.080002,143.039993,143.699997,122.796753,2836000
2018-06-06,144.339996,144.720001,143.539993,144.710007,123.659843,3220100
2018-06-07,145.000000,146.699997,144.929993,145.360001,124.215309,4316500
2018-06-08,145.000000,146.429993,144.369995,146.139999,124.881821,5210500
2018-06-11,146.619995,147.410004,146.139999,146.580002,125.257820,3260000
2018-06-12,147.100006,147.520004,146.619995,146.869995,125.505600,2640500
2018-06-13,146.789993,147.470001,146.199997,146.350006,125.061279,2968200
2018-06-14,146.649994,146.979996,145.089996,145.199997,124.078568,3326300
2018-06-15,144.899994,145.470001,143.699997,145.389999,124.240921,9116000
2018-06-18,144.179993,144.520004,143.139999,144.479996,123.463287,4286400
2018-06-19,143.119995,144.220001,142.949997,143.899994,122.967636,3487000
2018-06-20,144.220001,144.520004,142.410004,142.630005,121.882431,3329900
2018-06-21,142.589996,143.139999,140.830002,141.250000,120.703140,3887700
2018-06-22,141.639999,141.809998,140.779999,141.279999,120.728783,5611300
2018-06-25,140.399994,140.399994,138.279999,138.789993,118.600990,8937100
2018-06-26,139.360001,139.850006,138.330002,139.080002,118.848801,4139500
2018-06-27,139.110001,139.779999,137.449997,137.479996,117.481544,4101800
2018-06-28,138.100006,140.539993,137.949997,140.039993,119.669128,4523700
2018-06-29,140.320007,141.360001,139.610001,139.699997,119.378624,3710100
2018-07-02,138.279999,140.220001,138.199997,139.860001,119.515320,3405400
2018-07-03,140.649994,140.940002,139.369995,139.570007,119.267525,1963200
2018-07-05,140.479996,141.429993,139.929993,141.429993,120.856941,3744700
2018-07-06,141.529999,142.940002,141.169998,142.479996,121.754227,2849000
2018-07-09,142.589996,144.720001,142.470001,144.389999,123.386383,3904700
2018-07-10,144.509995,145.589996,144.259995,144.710007,123.659843,3777000
2018-07-11,144.000000,146.190002,144.000000,144.940002,123.856384,3526600
2018-07-12,145.850006,146.830002,145.740005,146.449997,125.146713,3119500
2018-07-13,146.449997,146.979996,145.800003,145.899994,124.676704,3062600
2018-07-16,145.669998,145.789993,144.210007,145.460007,124.300751,3468800
2018-07-17,144.750000,145.000000,143.339996,143.490005,122.617302,5096700
2018-07-18,143.509995,144.800003,142.740005,144.520004,123.497475,6935300
2018-07-19,147.850006,150.539993,147.250000,149.240005,127.530884,14655800
2018-07-20,148.580002,148.860001,146.259995,146.350006,125.061279,6414600
2018-07-23,146.350006,146.699997,145.009995,145.699997,124.505829,3897900
2018-07-24,146.699997,147.039993,145.919998,146.380005,125.086884,3891600
2018-07-25,146.009995,146.649994,145.500000,146.619995,125.291992,3630900
2018-07-26,147.429993,149.270004,146.630005,146.710007,125.368927,4778000
2018-07-27,146.889999,147.139999,144.660004,145.149994,124.035828,3749300
2018-07-30,144.800003,146.240005,144.690002,145.490005,124.326363,3608200
2018-07-31,145.740005,145.800003,144.160004,144.929993,123.847839,5474200
2018-08-01,144.759995,145.190002,143.339996,143.500000,122.625847,3388400
2018-08-02,142.860001,143.360001,142.330002,142.960007,122.164391,3841400
2018-08-03,143.240005,147.919998,143.000000,147.699997,126.214890,8053600
2018-08-06,146.949997,147.199997,145.570007,146.029999,124.787804,3913700
2018-08-07,146.649994,147.639999,146.350006,147.009995,125.625244,3508800
2018-08-08,147.330002,147.429993,146.240005,146.889999,125.522690,3581100
2018-08-09,145.529999,145.940002,144.729996,144.770004,125.047638,3093500
2018-08-10,144.500000,145.070007,143.880005,144.479996,124.797142,3003100
2018-08-13,144.149994,144.300003,142.529999,142.710007,123.268288,2858500
2018-08-14,143.000000,143.820007,142.929993,143.360001,123.829727,2860000
2018-08-15,142.550003,144.000000,142.000000,143.910004,124.304810,4241500
2018-08-16,144.369995,145.679993,144.369995,145.339996,125.540001,5250700
2018-08-17,144.789993,146.389999,144.690002,146.059998,126.161919,2678600
2018-08-20,146.369995,147.160004,146.149994,146.509995,126.550598,2499700
2018-08-21,147.000000,147.119995,145.889999,145.970001,126.084183,3106900
2018-08-22,146.009995,146.160004,145.190002,145.240005,125.453636,2389000
2018-08-23,145.039993,145.520004,144.750000,145.369995,125.565895,2220400
2018-08-24,145.460007,146.089996,144.869995,146.039993,126.144630,2776600
2018-08-27,146.940002,147.619995,146.520004,146.690002,126.706085,3491600
2018-08-28,146.949997,146.990005,146.190002,146.589996,126.619705,2455300
2018-08-29,146.869995,147.929993,146.600006,147.539993,127.440262,3153800
2018-08-30,147.029999,147.300003,145.250000,145.929993,126.049622,3340400
2018-08-31,145.720001,146.779999,145.539993,146.479996,126.524673,3488500
2018-09-04,145.979996,146.190002,144.809998,145.679993,125.833672,3326200
2018-09-05,145.190002,146.750000,145.050003,146.660004,126.680161,3126500
2018-09-06,146.880005,147.660004,145.539993,146.389999,126.446968,4248800
2018-09-07,145.940002,146.500000,145.119995,145.449997,125.634987,4693100
2018-09-10,146.600006,147.300003,145.559998,145.649994,125.807777,3618300
2018-09-11,146.000000,146.990005,145.250000,146.490005,126.533302,3374700
2018-09-12,146.369995,147.979996,146.029999,146.570007,126.602448,4506700
2018-09-13,147.350006,149.000000,147.119995,148.949997,128.658203,5346500
2018-09-14,148.850006,149.300003,147.779999,148.330002,128.122650,3452100
2018-09-17,148.440002,149.070007,147.770004,147.940002,127.785805,3551900
2018-09-18,147.759995,148.990005,147.470001,148.559998,128.321350,3629400
2018-09-19,148.630005,149.960007,148.229996,149.059998,128.753204,4246200
2018-09-20,149.580002,151.380005,149.440002,151.149994,130.558487,5952200
2018-09-21,151.479996,152.600006,150.740005,151.350006,130.731232,19947500
2018-09-24,151.100006,151.199997,149.460007,150.029999,129.591049,4265000
2018-09-25,149.910004,150.410004,148.360001,148.910004,128.623657,4397500
2018-09-26,152.399994,153.350006,151.339996,151.610001,130.955841,7401900
2018-09-27,152.009995,152.389999,151.160004,151.500000,130.860825,3477600
2018-09-28,151.160004,151.630005,150.789993,151.210007,130.610321,3305800
2018-10-01,151.710007,153.419998,151.710007,153.000000,132.156448,3757400
2018-10-02,152.990005,153.839996,152.500000,153.750000,132.804260,3029900
2018-10-03,154.000000,154.360001,152.800003,153.220001,132.346481,3315300
2018-10-04,151.690002,152.800003,150.360001,151.309998,130.696701,4237900
2018-10-05,150.899994,151.789993,147.869995,149.029999,128.727310,4602200
2018-10-08,148.500000,149.070007,147.179993,148.389999,128.174484,3239300
2018-10-09,148.080002,148.360001,146.929993,147.240005,127.181175,3642400
2018-10-10,147.500000,147.690002,142.500000,142.690002,123.251007,5547700
2018-10-11,142.619995,144.190002,138.779999,139.020004,120.080978,8710500
2018-10-12,141.119995,141.539993,139.080002,140.850006,121.661705,6563400
2018-10-15,140.380005,142.259995,140.139999,141.130005,121.903542,4965500
2018-10-16,142.929993,145.449997,141.580002,145.119995,125.349953,8695500
2018-10-17,135.889999,137.149994,133.419998,134.050003,115.788078,19464000
2018-10-18,132.729996,133.399994,130.039993,130.550003,112.764870,10011700
2018-10-19,130.649994,131.889999,127.959999,129.100006,111.512405,7791600
2018-10-22,129.580002,130.440002,128.399994,130.020004,112.307076,5719500
2018-10-23,129.020004,131.899994,128.410004,131.210007,113.334953,6463600
2018-10-24,131.169998,131.690002,127.000000,127.209999,109.879890,5710300
2018-10-25,127.250000,127.790001,125.139999,126.449997,109.223412,10304300
2018-10-26,125.209999,125.779999,123.709999,124.790001,107.789566,8767000
2018-10-29,119.339996,123.949997,118.300003,119.639999,103.341156,20450400
2018-10-30,120.480003,121.500000,115.150002,115.400002,99.678780,21458600
2018-10-31,116.489998,116.500000,114.089996,115.430000,99.704704,21645000
2018-11-01,115.500000,117.000000,115.110001,116.830002,100.913979,13626700
2018-11-02,117.510002,117.750000,114.540001,115.669998,99.911995,10592700
2018-11-05,116.099998,120.769997,116.000000,120.059998,103.703941,9144600
2018-11-06,120.699997,123.809998,120.309998,123.120003,106.347076,9597400
2018-11-07,123.790001,125.059998,122.330002,124.839996,107.832756,12382700
2018-11-08,122.660004,124.400002,122.629997,123.379997,107.928986,10396400
2018-11-09,123.610001,124.570000,121.959999,123.540001,108.068947,6961800
2018-11-12,123.500000,123.570000,120.650002,120.900002,105.759567,5379100
2018-11-13,121.190002,122.250000,119.900002,120.839996,105.707062,4084400
2018-11-14,121.110001,121.930000,119.769997,120.199997,105.147217,4762300
2018-11-15,119.660004,121.440002,119.510002,121.440002,106.231934,5207900
2018-11-16,120.889999,121.849998,120.540001,121.570000,106.345650,4076300
2018-11-19,121.629997,122.180000,119.769997,120.309998,105.243446,4131200
2018-11-20,118.489998,119.489998,116.699997,117.199997,102.522903,6233800
2018-11-21,117.610001,119.510002,117.389999,118.570000,103.721344,5335800
2018-11-23,118.089996,118.339996,116.910004,117.190002,102.514168,2334700
2018-11-26,118.370003,120.250000,118.059998,119.559998,104.587364,5011100
2018-11-27,118.379997,120.040001,118.370003,120.029999,104.998505,4903800
2018-11-28,121.010002,123.089996,120.220001,123.000000,107.596565,5104500
2018-11-29,122.440002,123.120003,121.400002,121.480003,106.266914,5200100
2018-11-30,121.660004,124.690002,121.480003,124.269997,108.707535,7251600
2018-12-03,125.669998,126.589996,124.360001,125.309998,109.617279,5846400
2018-12-04,124.489998,124.919998,121.330002,121.599998,106.371887,6000700
2018-12-06,119.720001,123.910004,119.300003,123.910004,108.392616,6938000
2018-12-07,123.900002,124.050003,118.870003,119.339996,104.394920,7019600
2018-12-10,119.739998,121.680000,118.519997,121.129997,105.960754,6549500
2018-12-11,123.250000,123.809998,120.000000,120.889999,105.750801,5043100
2018-12-12,122.510002,122.879997,121.000000,121.160004,105.987000,3560500
2018-12-13,121.260002,121.790001,120.169998,120.730003,105.610840,3993600
2018-12-14,119.500000,121.110001,119.440002,119.900002,104.884781,4554200
2018-12-17,119.070000,119.779999,115.070000,116.099998,101.560661,7374500
2018-12-18,116.900002,118.230003,116.019997,116.650002,102.041794,6290200
2018-12-19,117.150002,120.269997,115.970001,116.430000,101.849342,6979800
2018-12-20,115.699997,116.449997,111.699997,113.019997,98.866364,8454400
2018-12-21,112.500000,115.279999,110.440002,110.940002,97.046852,10386500
2018-12-24,109.900002,111.000000,107.500000,107.570000,94.098885,3821400
2018-12-26,108.000000,111.389999,105.940002,111.389999,97.440498,6645800
2018-12-27,109.989998,113.779999,109.470001,113.779999,99.531197,6045600
2018-12-28,114.220001,114.800003,112.500000,113.029999,98.875130,5117500
2018-12-31,113.330002,114.349998,112.419998,113.669998,99.434967,4982800
2019-01-02,112.010002,115.980003,111.690002,115.209999,100.782135,4239900
2019-01-03,114.529999,114.879997,112.690002,112.910004,98.770157,4346700
2019-01-04,114.910004,117.489998,114.440002,117.320000,102.627876,4477800
2019-01-07,117.500000,118.830002,116.669998,118.150002,103.353943,3751200
2019-01-08,119.660004,120.570000,118.980003,119.830002,104.823547,4763600
2019-01-09,120.910004,121.400002,119.870003,120.690002,105.575859,3633700
2019-01-10,120.080002,121.860001,119.949997,121.790001,106.538094,3910000
2019-01-11,121.580002,121.620003,120.199997,121.459999,106.249435,3722400
2019-01-14,120.510002,120.650002,119.760002,120.389999,105.313431,5228700
2019-01-15,120.959999,121.930000,120.820000,121.730003,106.485619,3507500
2019-01-16,121.580002,122.000000,120.830002,121.620003,106.389389,3841100
2019-01-17,120.559998,122.410004,120.550003,122.190002,106.888023,5029900
2019-01-18,123.269997,124.720001,122.709999,123.820000,108.313873,6008500
2019-01-22,123.300003,123.800003,121.540001,122.519997,107.176674,10052400
2019-01-23,131.369995,135.000000,130.309998,132.889999,116.248016,22063700
2019-01-24,132.630005,133.210007,131.429993,132.529999,115.933121,6322900
2019-01-25,132.869995,134.440002,132.429993,133.970001,117.192787,5707400
2019-01-28,133.100006,134.809998,132.580002,134.270004,117.455231,5357700
2019-01-29,134.289993,135.410004,133.600006,134.330002,117.507683,5037100
2019-01-30,134.000000,135.029999,133.250000,134.380005,117.551430,4500900
2019-01-31,134.449997,134.720001,133.740005,134.419998,117.586418,4884000
2019-02-01,134.970001,135.199997,133.350006,134.100006,117.306519,3806000
2019-02-04,134.020004,135.199997,132.990005,135.190002,118.259987,3966600
2019-02-05,135.279999,135.820007,134.919998,135.550003,118.574921,5398900
2019-02-06,135.220001,136.649994,135.169998,136.320007,119.248489,4879700
2019-02-07,133.550003,134.470001,132.119995,133.190002,117.867950,4379400
2019-02-08,132.339996,133.710007,132.190002,133.710007,118.328125,3249800
2019-02-11,134.289993,135.149994,133.910004,133.990005,118.575928,3095100
2019-02-12,135.149994,136.199997,134.860001,136.050003,120.398941,3317200
2019-02-13,136.919998,137.919998,136.410004,137.520004,121.699852,4253000
2019-02-14,137.169998,137.600006,136.210007,136.479996,120.779480,2789400
2019-02-15,137.580002,138.190002,137.389999,138.029999,122.151176,3844100
2019-02-19,137.809998,138.699997,137.360001,138.699997,122.744080,3385700
2019-02-20,138.759995,139.240005,137.220001,138.000000,122.124619,3802000
2019-02-21,137.820007,138.350006,137.350006,137.839996,121.983017,2937300
2019-02-22,138.729996,139.380005,138.429993,139.250000,123.230843,3113700
2019-02-25,140.000000,140.470001,139.320007,139.460007,123.416641,3194200
2019-02-26,139.669998,140.490005,139.470001,139.720001,123.646744,3060400
2019-02-27,139.250000,139.570007,138.399994,139.169998,123.160042,2530900
2019-02-28,138.770004,139.059998,137.720001,138.130005,122.239670,3457800
2019-03-01,139.309998,140.039993,138.639999,139.199997,123.186569,3030000
2019-03-04,139.990005,140.080002,137.169998,138.429993,122.505157,3406900
2019-03-05,138.369995,138.740005,137.559998,137.880005,122.018433,4250300
2019-03-06,138.119995,138.389999,136.720001,136.979996,121.221954,2768300
2019-03-07,136.610001,136.889999,134.630005,135.360001,119.788315,4358800
2019-03-08,134.210007,135.240005,133.580002,135.089996,119.549393,3773600
2019-03-11,136.029999,137.729996,135.839996,137.710007,121.867973,3939300
2019-03-12,138.520004,139.699997,137.860001,138.279999,122.372406,3954700
2019-03-13,138.050003,139.320007,137.850006,138.559998,122.620193,3173200
2019-03-14,138.509995,138.940002,138.059998,138.789993,122.823730,2738600
2019-03-15,139.369995,140.330002,139.229996,139.429993,123.390099,7153700
2019-03-18,139.830002,140.369995,138.720001,140.210007,124.080376,3268500
2019-03-19,140.960007,141.699997,140.000000,140.490005,124.328178,3482300
2019-03-20,140.529999,140.699997,138.979996,139.600006,123.540543,3649500
2019-03-21,139.100006,142.119995,138.880005,141.440002,125.168869,3605400
2019-03-22,140.970001,141.440002,138.899994,139.449997,123.407814,3877200
2019-03-25,139.059998,139.910004,138.350006,139.179993,123.168861,2839800
2019-03-26,139.929993,141.020004,139.419998,140.220001,124.089241,2553700
2019-03-27,140.410004,140.490005,138.399994,139.240005,123.221970,3098200
2019-03-28,139.910004,140.440002,139.100006,139.919998,123.823730,2663900
2019-03-29,140.500000,141.220001,140.149994,141.100006,124.868004,3101400
2019-04-01,141.509995,143.410004,141.509995,143.300003,126.814911,3984300
2019-04-02,143.350006,143.949997,142.600006,143.000000,126.549423,2404800
2019-04-03,143.649994,144.220001,143.009995,143.630005,127.106972,2681200
2019-04-04,143.619995,144.139999,142.539993,142.779999,126.354729,2771100
2019-04-05,143.289993,143.500000,142.460007,143.279999,126.797203,2731800
2019-04-08,143.020004,143.419998,142.869995,143.389999,126.894585,2118200
2019-04-09,142.660004,142.949997,141.839996,142.110001,125.761826,3038500
2019-04-10,142.199997,143.500000,141.979996,143.020004,126.567131,2678000
2019-04-11,143.800003,144.110001,143.029999,143.779999,127.239685,2942000
2019-04-12,144.259995,144.440002,143.699997,144.350006,127.744102,2898900
2019-04-15,144.399994,144.460007,143.270004,143.899994,127.345871,3603200
2019-04-16,144.399994,145.389999,144.020004,145.139999,128.443237,6301700
2019-04-17,137.369995,141.979996,136.259995,139.110001,123.106926,12525700
2019-04-18,139.000000,140.490005,138.699997,140.330002,124.186584,4960000
2019-04-22,139.419998,140.559998,138.479996,138.889999,122.912231,4494000
2019-04-23,139.149994,140.919998,138.940002,140.440002,124.283928,4462200
2019-04-24,140.600006,141.309998,139.779999,139.949997,123.850296,2774900
2019-04-25,139.699997,139.750000,137.710007,138.630005,122.682167,2910100
2019-04-26,139.339996,139.889999,138.809998,139.440002,123.398964,2319800
2019-04-29,139.149994,139.630005,138.809998,139.050003,123.053810,2958300
2019-04-30,139.110001,140.440002,138.679993,140.270004,124.133484,4638800
2019-05-01,140.550003,141.809998,140.169998,140.559998,124.390099,3053700
2019-05-02,140.500000,141.279999,139.410004,139.589996,123.531708,3541400
2019-05-03,139.699997,141.000000,139.630005,140.250000,124.115761,2579900
2019-05-06,138.300003,140.690002,137.899994,140.380005,124.230827,2793300
2019-05-07,139.149994,139.509995,136.190002,137.639999,121.806038,4726800
2019-05-08,137.770004,138.699997,137.130005,138.000000,122.124619,3818900
2019-05-09,134.889999,135.580002,133.029999,135.339996,121.193344,4192700
2019-05-10,134.880005,135.750000,132.419998,135.320007,121.175430,3977600
2019-05-13,133.279999,133.570007,130.960007,131.419998,117.683052,4958000
2019-05-14,131.820007,134.320007,131.679993,133.309998,119.375496,3280400
2019-05-15,132.589996,134.589996,132.369995,134.399994,120.351585,2551000
2019-05-16,134.740005,136.110001,134.639999,135.880005,121.676895,3017300
2019-05-17,134.679993,135.410004,133.940002,134.320007,120.279953,2619100
2019-05-20,133.529999,135.429993,132.929993,135.119995,120.996300,3264500
2019-05-21,136.119995,137.059998,135.789993,136.449997,122.187294,2503500
2019-05-22,136.000000,136.750000,135.710007,136.350006,122.097771,1849800
2019-05-23,135.130005,135.130005,130.440002,132.389999,118.551674,5343400
2019-05-24,133.529999,134.250000,131.589996,132.279999,118.453194,2596100
2019-05-28,132.130005,132.639999,130.270004,130.460007,116.823425,4908800
2019-05-29,130.000000,130.279999,128.320007,129.690002,116.133919,3679000
2019-05-30,129.740005,129.970001,128.929993,129.570007,116.026459,2741900
2019-05-31,128.440002,128.440002,126.849998,126.989998,113.716133,3539300
2019-06-03,127.099998,128.559998,127.059998,128.270004,114.862328,4266900
2019-06-04,129.559998,132.740005,129.089996,132.690002,118.820328,3913500
2019-06-05,133.380005,133.610001,130.470001,131.490005,117.745773,3161300
2019-06-06,132.190002,132.649994,130.899994,132.220001,118.399467,2298200
2019-06-07,132.470001,134.720001,132.210007,133.309998,119.375496,2553400
2019-06-10,134.380005,135.350006,133.910004,134.740005,120.656036,2911300
2019-06-11,135.320007,136.460007,135.050003,135.949997,121.739571,3407300
2019-06-12,135.559998,135.940002,134.410004,134.869995,120.772453,2254700
2019-06-13,135.130005,136.270004,135.089996,135.759995,121.569397,2955300
2019-06-14,135.440002,135.880005,134.429993,135.149994,121.023170,2193300
2019-06-17,135.389999,136.029999,134.699997,134.949997,120.844078,2194100
2019-06-18,135.199997,137.190002,135.199997,136.380005,122.124619,2914700
2019-06-19,136.429993,138.360001,136.240005,137.080002,122.751450,2382400
2019-06-20,138.929993,139.539993,138.199997,138.850006,124.336426,3071000
2019-06-21,138.440002,139.539993,138.389999,139.199997,124.649872,5288700
2019-06-24,139.199997,140.149994,139.050003,139.350006,124.784180,2186000
2019-06-25,139.460007,139.550003,138.130005,138.360001,123.897652,2801200
2019-06-26,138.869995,139.679993,138.410004,138.520004,124.040939,2284600
2019-06-27,138.720001,139.300003,137.949997,138.520004,124.040939,2149800
2019-06-28,138.570007,139.139999,137.839996,137.899994,123.485733,6153900
2019-07-01,139.600006,141.490005,139.279999,139.880005,125.258774,3377700
2019-07-02,139.750000,140.429993,139.470001,140.220001,125.563240,2409700
2019-07-03,140.720001,141.820007,140.429993,141.539993,126.745239,1930400
2019-07-05,140.869995,141.490005,139.910004,141.380005,126.601982,2134700
2019-07-08,141.050003,141.289993,140.270004,140.570007,125.876656,2395300
2019-07-09,140.610001,140.990005,139.130005,139.330002,124.766273,3365200
2019-07-10,140.000000,141.910004,139.789993,140.470001,125.787102,2513900
2019-07-11,140.789993,141.580002,140.300003,141.240005,126.476631,2132900
2019-07-12,141.919998,142.919998,141.660004,142.740005,127.819809,2786200
2019-07-15,142.889999,143.509995,142.119995,143.320007,128.339233,2368300
2019-07-16,143.169998,144.039993,143.020004,143.529999,128.527252,3474700
2019-07-17,143.610001,143.800003,141.949997,143.070007,128.115356,6064300
2019-07-18,142.500000,150.309998,142.199997,149.630005,133.989624,12692600
2019-07-19,149.960007,151.580002,149.550003,149.679993,134.034393,7290700
2019-07-22,150.160004,151.940002,149.699997,149.740005,134.088135,4092600
2019-07-23,150.570007,150.720001,148.380005,150.380005,134.661270,3742200
2019-07-24,150.119995,151.449997,149.199997,150.029999,134.347824,2952400
2019-07-25,149.820007,150.619995,148.610001,150.389999,134.670212,3102100
2019-07-26,151.000000,151.410004,150.100006,151.360001,135.538818,2904300
2019-07-29,151.110001,151.479996,150.320007,150.880005,135.108978,2075500
2019-07-30,150.000000,150.399994,149.220001,149.770004,134.115021,2632700
2019-07-31,149.699997,150.179993,146.389999,148.240005,132.744949,3722900
2019-08-01,148.899994,152.820007,148.500000,150.320007,134.607544,6344000
2019-08-02,149.029999,152.949997,145.589996,147.250000,131.858429,8101700
2019-08-05,144.979996,145.100006,139.149994,140.759995,126.046783,7114900
2019-08-06,142.029999,142.470001,139.309998,140.729996,126.019936,5070700
2019-08-07,138.740005,139.580002,136.410004,139.110001,124.569267,5931900
2019-08-08,138.449997,140.419998,137.759995,140.100006,126.933975,5261100
2019-08-09,139.270004,139.309998,135.350006,136.130005,123.337051,5244600
2019-08-12,135.660004,135.869995,133.179993,133.669998,121.108231,4083900
2019-08-13,133.800003,136.570007,132.809998,135.789993,123.029015,4522100
2019-08-14,133.910004,134.160004,130.979996,131.250000,118.915665,5114200
2019-08-15,131.220001,132.369995,130.250000,131.919998,119.522697,3738900
2019-08-16,133.039993,134.589996,132.949997,133.759995,121.189774,3012000
2019-08-19,134.880005,136.330002,134.880005,135.039993,122.349495,3165100
2019-08-20,135.240005,135.279999,132.809998,133.000000,120.501205,3018600
2019-08-21,134.960007,135.940002,133.800003,134.250000,121.633736,2805700
2019-08-22,134.690002,135.679993,133.809998,134.320007,121.697166,2694900
2019-08-23,133.630005,134.259995,128.830002,129.570007,117.393555,4818400
2019-08-26,131.050003,131.300003,129.160004,129.990005,117.774078,2833900
2019-08-27,131.199997,131.699997,130.309998,131.169998,118.843170,4728000
2019-08-28,130.440002,132.889999,130.039993,132.759995,120.283745,2713600
2019-08-29,134.179993,135.690002,134.039993,134.880005,122.204544,2971800
2019-08-30,135.580002,136.070007,134.360001,135.529999,122.793449,2960600
2019-09-03,134.850006,134.899994,133.330002,134.100006,121.497833,2827900
2019-09-04,135.710007,136.429993,135.149994,136.320007,123.509239,2247900
2019-09-05,138.300003,141.699997,138.050003,140.970001,127.722252,5011600
2019-09-06,141.520004,141.529999,140.460007,140.570007,127.359818,2576800
2019-09-09,140.589996,143.020004,140.460007,142.600006,129.199066,4226600
2019-09-10,143.000000,145.460007,142.960007,145.050003,131.418777,4979700
2019-09-11,144.850006,145.119995,142.710007,143.600006,130.105087,3869700
2019-09-12,144.029999,144.039993,141.880005,143.619995,130.123199,2505400
2019-09-13,144.320007,144.649994,143.259995,143.669998,130.168488,2206600
2019-09-16,142.559998,143.639999,142.270004,142.479996,129.090302,1928500
2019-09-17,142.479996,142.479996,140.660004,142.199997,128.836624,2933200
2019-09-18,142.050003,142.300003,140.509995,142.220001,128.854752,1983600
2019-09-19,142.460007,145.029999,142.449997,142.970001,129.534256,3089900
2019-09-20,143.250000,143.830002,141.820007,141.880005,128.546707,5193400
2019-09-23,141.190002,142.220001,140.559998,142.070007,128.718857,1817900
2019-09-24,142.500000,142.889999,141.070007,141.679993,128.365479,3231600
2019-09-25,141.740005,143.630005,140.860001,143.160004,129.706390,2526700
2019-09-26,143.169998,143.880005,141.410004,143.550003,130.059769,2309800
2019-09-27,144.410004,145.089996,142.380005,143.240005,129.778900,2356800
2019-09-30,143.729996,146.570007,143.729996,145.419998,131.753998,3988400
2019-10-01,145.589996,147.350006,143.539993,143.660004,130.159424,2960800
2019-10-02,142.190002,142.270004,140.570007,141.690002,128.374557,3340800
2019-10-03,141.619995,142.070007,139.179993,142.020004,128.673553,2928800
2019-10-04,142.059998,143.059998,141.029999,142.990005,129.552399,2413600
2019-10-07,142.259995,142.699997,141.220001,141.279999,128.003082,2426500
2019-10-08,140.240005,140.470001,138.250000,138.380005,125.375648,3225400
2019-10-09,139.770004,140.330002,138.789993,139.669998,126.544388,2620800
2019-10-10,139.770004,141.779999,139.559998,141.130005,127.867172,2593700
2019-10-11,142.770004,144.500000,142.610001,142.759995,129.343994,2996800
2019-10-14,142.309998,142.429993,141.320007,142.039993,128.691666,2309500
2019-10-15,142.539993,143.720001,141.809998,143.000000,129.561447,3025500
2019-10-16,142.490005,142.949997,141.389999,142.110001,128.755081,5332600
2019-10-17,135.000000,136.000000,132.910004,134.259995,121.642784,15759800
2019-10-18,134.220001,134.490005,132.250000,134.089996,121.488777,7177500
2019-10-21,132.610001,133.100006,130.899994,132.580002,120.120674,6306100
2019-10-22,132.550003,134.050003,131.610001,133.960007,121.370995,4161600
2019-10-23,133.520004,134.570007,132.699997,134.380005,121.751526,3610900
2019-10-24,134.830002,135.070007,133.300003,134.070007,121.470673,2598500
2019-10-25,134.119995,135.929993,134.100006,135.440002,122.711891,2579100
2019-10-28,136.000000,136.630005,135.449997,135.970001,123.192093,3226100
2019-10-29,135.419998,135.570007,133.440002,133.820007,121.244164,4160700
2019-10-30,133.830002,135.279999,133.199997,135.250000,122.539764,2253000
2019-10-31,135.110001,135.250000,133.229996,133.729996,121.162605,3412100
2019-11-01,134.500000,135.559998,134.089996,135.529999,122.793449,3089800
2019-11-04,136.240005,137.740005,136.229996,137.669998,124.732346,3335400
2019-11-05,137.800003,138.759995,137.630005,137.889999,124.931671,3015000
2019-11-06,138.000000,138.779999,137.550003,138.779999,125.738022,4477300
2019-11-07,137.869995,139.139999,137.580002,137.690002,126.223907,4073800
2019-11-08,137.580002,137.610001,136.160004,137.610001,126.150543,2278400
2019-11-11,137.199997,137.199997,135.000000,135.470001,124.188766,2568000
2019-11-12,135.869995,136.660004,135.020004,135.589996,124.298782,3046500
2019-11-13,135.389999,135.580002,133.850006,134.479996,123.281204,2918400
2019-11-14,134.130005,134.330002,133.330002,134.000000,122.841179,4231300
2019-11-15,134.389999,135.119995,134.029999,134.399994,123.207870,3262500
2019-11-18,134.300003,134.479996,133.229996,134.309998,123.125359,3210400
2019-11-19,134.880005,135.380005,134.460007,134.520004,123.317894,2995000
2019-11-20,134.059998,134.460007,132.750000,133.199997,122.107803,4138200
2019-11-21,133.399994,134.169998,132.979996,133.839996,122.694511,3345300
2019-11-22,134.190002,134.649994,133.589996,134.339996,123.152855,3297500
2019-11-25,134.470001,136.000000,134.350006,135.970001,124.647110,2590100
2019-11-26,136.149994,136.149994,134.770004,135.089996,123.840401,3793200
2019-11-27,135.350006,135.710007,133.619995,133.770004,122.630333,3280900
2019-11-29,133.600006,134.520004,133.029999,134.449997,123.253700,1825300
2019-12-02,134.449997,134.500000,132.479996,132.910004,121.841957,3067100
2019-12-03,132.000000,132.440002,130.690002,132.119995,121.117729,3642500
2019-12-04,132.860001,133.679993,131.960007,131.990005,120.998566,3530000
2019-12-05,132.990005,133.240005,131.630005,131.910004,120.925217,3595400
2019-12-06,132.750000,133.889999,132.699997,133.220001,122.126122,3437500
2019-12-09,133.350006,134.589996,133.259995,133.919998,122.767830,2968500
2019-12-10,133.919998,134.839996,133.559998,133.910004,122.758667,3480400
2019-12-11,134.110001,134.509995,133.669998,133.759995,122.621155,3953300
2019-12-12,133.699997,135.660004,133.660004,135.320007,124.051254,4824100
2019-12-13,134.750000,135.500000,134.009995,134.210007,123.033699,2535000
2019-12-16,134.940002,135.449997,133.850006,134.130005,122.960342,3049200
2019-12-17,134.279999,134.690002,133.460007,134.220001,123.042862,2907200
2019-12-18,134.550003,135.000000,134.149994,134.410004,123.217026,3101800
2019-12-19,134.460007,134.729996,134.190002,134.559998,123.354546,3866500
2019-12-20,135.740005,136.419998,134.949997,135.589996,124.298782,7111800
2019-12-23,135.779999,136.149994,135.000000,135.550003,124.262100,2803200
2019-12-24,135.610001,135.619995,134.610001,134.979996,123.739563,1202100
2019-12-26,134.979996,135.309998,134.649994,134.910004,123.675400,2129700
2019-12-27,135.000000,135.750000,134.869995,135.270004,124.005402,2752200
2019-12-30,135.199997,135.300003,132.500000,132.809998,121.750267,4118900
2019-12-31,132.529999,134.119995,132.399994,134.039993,122.877831,3777500
2020-01-02,135.000000,135.919998,134.770004,135.419998,124.142937,3148600
2020-01-03,133.570007,134.860001,133.559998,134.339996,123.152855,2373700
2020-01-06,133.419998,134.240005,133.199997,134.100006,122.932846,2425500
2020-01-07,133.690002,134.960007,133.399994,134.190002,123.015358,3090800
2020-01-08,134.509995,135.860001,133.919998,135.309998,124.042076,4346000
2020-01-09,135.740005,136.789993,135.309998,136.740005,125.353020,3730600
2020-01-10,137.000000,137.869995,136.309998,136.690002,125.307167,3255400
2020-01-13,135.479996,136.639999,135.070007,136.600006,125.224678,3531000
2020-01-14,136.279999,137.139999,135.550003,135.820007,124.509621,3681000
2020-01-15,136.000000,138.059998,135.710007,136.619995,125.242996,4045900
2020-01-16,137.320007,138.190002,137.009995,137.979996,126.489731,4320900
2020-01-17,136.539993,138.330002,136.160004,138.309998,126.792267,5623300
2020-01-21,137.809998,139.350006,137.600006,139.169998,127.580643,7244100
2020-01-22,143.320007,145.789993,142.550003,143.889999,131.907593,16470400
2020-01-23,144.199997,144.410004,142.149994,142.869995,130.972534,5657800
2020-01-24,143.389999,143.919998,140.460007,140.559998,128.854889,5580200
2020-01-27,138.500000,140.070007,138.100006,138.619995,127.076454,4166600
2020-01-28,139.500000,140.470001,138.750000,139.550003,127.929008,3451600
2020-01-29,139.169998,139.580002,137.600006,137.690002,126.223907,3053800
2020-01-30,136.759995,136.970001,134.970001,136.770004,125.380493,5057900
2020-01-31,142.899994,144.050003,140.789993,143.729996,131.760895,18994600
2020-02-03,144.250000,147.279999,143.899994,146.270004,134.089386,8886700
2020-02-04,147.779999,149.380005,146.880005,149.110001,136.692886,5621000
2020-02-05,150.210007,157.440002,150.149994,156.330002,143.311630,14386800
2020-02-06,156.820007,158.750000,155.419998,156.759995,143.705841,8400500
2020-02-07,154.550003,155.539993,152.919998,153.410004,142.103348,6423400
2020-02-10,152.970001,154.440002,151.580002,154.429993,143.048157,5239800
2020-02-11,155.119995,155.220001,152.729996,153.479996,142.168167,3835100
2020-02-12,153.750000,155.600006,153.520004,155.309998,143.863312,4437800
2020-02-13,154.369995,154.830002,153.410004,154.309998,142.936996,3820700
2020-02-14,154.419998,154.559998,149.770004,150.699997,139.593063,6099200
2020-02-18,149.789993,151.380005,149.639999,151.100006,139.963593,3343000
2020-02-19,151.539993,151.889999,150.309998,150.860001,139.741272,2732900
2020-02-20,150.809998,151.619995,149.509995,151.220001,140.074753,2880500
2020-02-21,151.039993,151.039993,148.839996,149.839996,138.796463,3536900
2020-02-24,145.509995,148.050003,145.380005,146.429993,135.637772,5452400
2020-02-25,146.509995,147.070007,141.259995,141.710007,131.265671,6211500
2020-02-26,142.899994,144.059998,139.600006,139.750000,129.450119,5407900
2020-02-27,137.240005,138.690002,133.009995,133.110001,123.299507,8421100
2020-02-28,129.979996,131.089996,126.360001,130.149994,120.557655,13009400
2020-03-02,130.750000,134.440002,127.949997,134.300003,124.401802,8531400
2020-03-03,134.479996,136.100006,127.800003,128.899994,119.399780,7896100
2020-03-04,131.580002,134.279999,129.000000,134.220001,124.327698,4996400
2020-03-05,130.500000,132.289993,128.449997,129.550003,120.001877,5446200
2020-03-06,126.699997,128.330002,124.519997,127.730003,118.316017,8193300
2020-03-09,120.160004,122.410004,117.279999,117.809998,109.127144,10757500
2020-03-10,122.779999,124.879997,115.760002,124.769997,115.574173,11410700
2020-03-11,121.010002,122.580002,116.379997,117.970001,109.275345,8446500
2020-03-12,109.650002,109.800003,102.279999,102.809998,95.232681,12512700
2020-03-13,108.680000,109.160004,100.809998,107.949997,99.993843,12502100
2020-03-16,98.000000,107.410004,95.000000,99.080002,91.777580,10568000
2020-03-17,100.610001,107.400002,97.099998,106.650002,98.789658,9258300
2020-03-18,99.410004,106.930000,99.400002,103.550003,95.918137,8772500
2020-03-19,102.330002,103.690002,98.239998,100.339996,92.944717,8396500
2020-03-20,100.919998,100.989998,94.709999,95.389999,88.359543,10546500
2020-03-23,94.599998,97.739998,90.559998,94.769997,87.785240,9729400
2020-03-24,99.989998,106.040001,99.260002,105.480003,97.705887,7973900
2020-03-25,105.480003,112.480003,102.830002,105.849998,98.048615,8654000
2020-03-26,106.910004,113.150002,105.570000,112.889999,104.569763,7153500
2020-03-27,108.580002,111.500000,107.650002,108.029999,100.067947,6423000
2020-03-30,108.089996,113.459999,107.809998,112.930000,104.606804,5564500
2020-03-31,112.000000,113.809998,110.169998,110.930000,102.754219,6343300
2020-04-01,106.360001,109.919998,104.519997,105.139999,97.390945,6112900
2020-04-02,105.370003,110.320000,105.139999,110.000000,101.892761,6328700
2020-04-03,108.919998,110.070000,104.919998,106.339996,98.502502,4538800
2020-04-06,110.349998,115.629997,110.129997,114.820000,106.357521,7034200
2020-04-07,118.800003,119.570000,114.870003,114.940002,106.468666,5595300
2020-04-08,116.309998,119.959999,115.070000,119.290001,110.498062,5158600
2020-04-09,120.480003,122.919998,120.169998,121.500000,112.545189,5576200
2020-04-13,121.629997,121.800003,118.040001,121.150002,112.220985,5119700
2020-04-14,123.459999,125.180000,122.620003,123.910004,114.777557,5088700
2020-04-15,119.120003,120.190002,116.760002,118.690002,109.942291,5637300
2020-04-16,119.010002,119.750000,114.419998,115.730003,107.200439,6457600
2020-04-17,119.300003,120.389999,117.919998,120.120003,111.266891,4966000
2020-04-20,119.150002,122.860001,118.139999,120.410004,111.535522,8181700
2020-04-21,114.000000,117.150002,112.059998,116.760002,108.154533,14349000
2020-04-22,119.870003,120.330002,117.550003,119.309998,110.516579,7086500
2020-04-23,119.570000,123.029999,119.120003,121.349998,112.406235,6881600
2020-04-24,122.410004,125.000000,120.760002,124.720001,115.527863,4985900
2020-04-27,125.559998,126.989998,125.470001,125.919998,116.639420,4923800
2020-04-28,128.029999,128.199997,125.379997,126.269997,116.963623,4778100
2020-04-29,128.880005,129.309998,127.529999,128.690002,119.205269,5257600
2020-04-30,126.519997,127.269997,125.220001,125.559998,116.305939,6635800
2020-05-01,123.190002,123.470001,121.389999,121.870003,112.887917,4925500
2020-05-04,120.820000,121.970001,119.389999,121.680000,112.711906,4017900
2020-05-05,123.389999,124.320000,122.470001,122.580002,113.545578,3899400
2020-05-06,123.239998,124.050003,122.410004,123.169998,114.092102,3864600
2020-05-07,122.980003,123.260002,120.849998,121.230003,113.801094,4412600
2020-05-08,122.669998,123.230003,121.059998,122.989998,115.453239,5002500
2020-05-11,121.809998,123.449997,120.669998,122.589996,115.077744,3535300
2020-05-12,123.010002,124.320000,120.260002,120.260002,112.890526,4784500
2020-05-13,119.949997,119.989998,114.849998,115.730003,108.638138,5882800
2020-05-14,114.570000,117.089996,111.809998,116.949997,109.783371,5259400
2020-05-15,115.930000,117.389999,115.250000,116.980003,109.811531,4786300
2020-05-18,119.879997,122.360001,119.750000,121.559998,114.110870,4205700
2020-05-19,121.190002,122.169998,120.139999,120.290001,112.918701,3241100
2020-05-20,120.930000,122.470001,120.599998,121.379997,113.941902,3840700
2020-05-21,120.989998,121.720001,118.970001,119.120003,111.820396,4000900
2020-05-22,119.370003,119.470001,117.589996,118.389999,111.135124,4180800
2020-05-26,121.300003,122.620003,121.010002,121.760002,114.298615,5469300
2020-05-27,123.940002,125.830002,123.470001,125.540001,117.846985,5727500
2020-05-28,126.870003,126.970001,124.220001,124.529999,116.898872,3915300
2020-05-29,123.669998,125.129997,122.239998,124.900002,117.246201,7929900
2020-06-01,124.639999,125.750000,124.029999,124.889999,117.236809,2871700
2020-06-02,125.669998,126.000000,124.660004,126.000000,118.278793,2978100
2020-06-03,127.150002,129.600006,127.000000,129.050003,121.141891,3917700
2020-06-04,127.779999,128.949997,127.019997,128.889999,120.991692,3864800
2020-06-05,133.889999,134.229996,131.750000,132.059998,123.967438,5892700
2020-06-08,132.270004,135.880005,132.270004,135.750000,127.431335,5370500
2020-06-09,133.520004,133.600006,131.020004,131.869995,123.789063,5393600
2020-06-10,132.149994,132.229996,129.800003,129.869995,121.911636,4734800
2020-06-11,126.029999,126.099998,117.839996,118.010002,110.778419,11763600
2020-06-12,121.250000,123.120003,119.279999,121.910004,114.439430,6220300
2020-06-15,119.190002,122.370003,118.290001,121.650002,114.195358,5149100
2020-06-16,125.000000,127.500000,123.160004,125.150002,117.480873,5606700
2020-06-17,125.830002,126.250000,123.400002,124.150002,116.542168,3156800
2020-06-18,123.000000,124.400002,122.330002,124.160004,116.551544,2865400
2020-06-19,126.169998,126.820000,122.250000,122.470001,114.965103,8099000
2020-06-22,122.120003,122.500000,120.529999,121.070000,113.650894,4773500
2020-06-23,122.010002,122.900002,119.230003,119.410004,112.092628,6632600
2020-06-24,118.320000,118.320000,115.879997,116.419998,109.285843,6751000
2020-06-25,116.760002,119.209999,116.099998,119.029999,111.735901,6130600
2020-06-26,118.260002,118.989998,116.260002,117.190002,110.008667,10750100
2020-06-29,117.980003,119.779999,117.370003,119.750000,112.411789,4159500
2020-06-30,119.190002,121.199997,119.000000,120.769997,113.369270,3919500
2020-07-01,120.269997,121.230003,118.370003,118.540001,111.275940,4655800
2020-07-02,119.690002,121.419998,119.260002,119.699997,112.364853,3747000
2020-07-06,121.250000,121.849998,119.459999,120.190002,112.824829,4045400
2020-07-07,119.000000,119.510002,117.330002,117.580002,110.374763,4278100
2020-07-08,118.059998,118.639999,116.480003,117.709999,110.496796,5192800
2020-07-09,118.000000,118.000000,115.199997,115.709999,108.619362,4763000
2020-07-10,115.500000,118.570000,115.290001,118.349998,111.097572,4285700
2020-07-13,119.779999,120.989998,118.660004,119.199997,111.895485,4650700
2020-07-14,118.620003,120.889999,117.919998,120.599998,113.209694,4534400
2020-07-15,122.400002,123.959999,122.150002,123.000000,115.462639,4473400
2020-07-16,122.680000,124.480003,122.160004,124.010002,116.410744,4330900
2020-07-17,124.389999,125.629997,123.199997,125.110001,117.443329,3984600
2020-07-20,126.070000,127.070000,125.139999,126.370003,118.626129,9927700
2020-07-21,131.160004,132.169998,125.800003,126.059998,118.335106,15356600
2020-07-22,125.900002,129.470001,125.800003,128.669998,120.785179,8195400
2020-07-23,129.100006,129.369995,127.150002,127.330002,119.527283,4220100
2020-07-24,126.480003,127.650002,125.500000,125.790001,118.081657,3531100
2020-07-27,124.860001,126.320000,124.709999,126.209999,118.475914,3733400
2020-07-28,125.820000,126.339996,124.150002,124.470001,116.842545,4178200
2020-07-29,124.559998,125.989998,124.070000,125.320000,117.640465,2832800
2020-07-30,123.709999,123.900002,121.639999,122.900002,115.368767,3988100
2020-07-31,122.709999,122.989998,121.089996,122.940002,115.406311,5277100
2020-08-03,123.500000,124.410004,122.150002,124.309998,116.692352,3526100
2020-08-04,123.820000,125.860001,123.820000,125.839996,118.128593,3466100
2020-08-05,126.730003,126.750000,124.610001,125.449997,117.762489,3619600
2020-08-06,125.000000,126.260002,125.000000,126.120003,118.391441,3417100
2020-08-07,123.500000,125.070000,123.209999,124.959999,118.838409,3651000
2020-08-10,125.419998,127.239998,125.180000,127.110001,120.883080,3968300
2020-08-11,128.759995,130.470001,126.610001,126.750000,120.540726,5001200
2020-08-12,127.610001,127.790001,125.879997,126.699997,120.493164,3529700
2020-08-13,125.959999,126.389999,124.769997,125.029999,118.904984,3171300
2020-08-14,124.199997,125.559998,123.910004,125.269997,119.133232,2963400
2020-08-17,125.250000,125.589996,124.410004,124.440002,118.343887,3360100
2020-08-18,125.000000,125.500000,124.239998,124.919998,118.800369,2882400
2020-08-19,124.830002,125.500000,123.500000,123.839996,117.773285,3743900
2020-08-20,123.199997,124.040001,122.809998,123.150002,117.117081,2561200
2020-08-21,123.010002,123.480003,122.309998,123.160004,117.126595,3385100
2020-08-24,123.790001,126.059998,123.360001,125.680000,119.523140,4070800
2020-08-25,126.000000,126.820000,124.489998,124.639999,118.534096,2977700
2020-08-26,124.949997,125.120003,123.949997,124.169998,118.087105,3388300
2020-08-27,124.599998,125.099998,123.980003,124.650002,118.543594,3422700
2020-08-28,124.959999,125.300003,124.220001,125.070000,118.943024,3099600
2020-08-31,125.250000,125.250000,123.029999,123.309998,117.269234,4827900
2020-09-01,122.849998,123.949997,122.150002,123.400002,117.354836,3155300
2020-09-02,123.720001,128.699997,123.580002,128.179993,121.900665,6592400
2020-09-03,128.190002,129.949997,123.650002,124.449997,118.353394,5716800
2020-09-04,124.349998,125.349998,121.239998,122.300003,116.308731,6018200
2020-09-08,122.160004,122.870003,120.709999,121.209999,115.272118,5210300
2020-09-09,122.129997,123.699997,121.290001,122.260002,116.270683,3770700
2020-09-10,122.529999,123.580002,120.239998,120.559998,114.653954,3978400
2020-09-11,121.389999,122.699997,120.730003,121.459999,115.509865,3548100
2020-09-14,122.360001,123.379997,121.760002,122.089996,116.109001,3641500
2020-09-15,122.820000,123.400002,122.239998,122.440002,116.441864,2915200
2020-09-16,122.709999,125.820000,122.709999,124.220001,118.134666,3788400
2020-09-17,122.620003,125.550003,121.970001,124.919998,118.800369,3171300
2020-09-18,124.260002,124.919998,122.650002,122.760002,116.746193,5391600
2020-09-21,120.480003,120.699997,118.580002,120.250000,114.359154,5311400
2020-09-22,120.330002,121.449997,119.529999,120.510002,114.606415,2957800
2020-09-23,120.800003,121.589996,118.430000,118.830002,113.008705,3939400
2020-09-24,118.099998,119.519997,116.480003,118.089996,112.304955,3546200
2020-09-25,117.599998,119.410004,116.940002,118.949997,113.122833,2953700
2020-09-28,120.570000,122.330002,120.410004,121.730003,115.766647,3509200
2020-09-29,121.410004,122.190002,120.209999,120.940002,115.015350,2106600
2020-09-30,121.379997,122.910004,120.800003,121.669998,115.709587,3261100
2020-10-01,122.360001,123.300003,120.360001,121.089996,115.157997,3211700
2020-10-02,119.040001,121.750000,118.820000,120.570000,114.663467,2925200
2020-10-05,121.839996,122.750000,121.050003,122.010002,116.032928,3050500
2020-10-06,122.580002,124.830002,121.589996,121.970001,115.994888,3872300
2020-10-07,122.669998,124.389999,122.320000,124.070000,117.992012,2815400
2020-10-08,130.860001,135.500000,129.770004,131.490005,125.048523,25288900
2020-10-09,132.000000,132.000000,127.599998,127.790001,121.529778,8353700
2020-10-12,128.070007,128.250000,126.440002,127.209999,120.978195,4635100
2020-10-13,126.570000,127.150002,124.459999,125.099998,118.971558,5406100
2020-10-14,125.129997,126.940002,125.129997,125.940002,119.770409,3728100
2020-10-15,124.080002,125.220001,123.849998,124.889999,118.771843,3385300
2020-10-16,125.169998,126.430000,124.660004,125.930000,119.760887,4710400
2020-10-19,126.800003,127.349998,125.080002,125.519997,119.370972,7478700
2020-10-20,119.800003,120.150002,116.839996,117.370003,111.620239,21501100
2020-10-21,116.660004,117.690002,114.790001,115.059998,109.423393,9755300
2020-10-22,115.000000,116.059998,112.980003,115.760002,110.089111,7855800
2020-10-23,116.500000,116.620003,115.529999,116.000000,110.317345,3893400
2020-10-26,114.449997,114.900002,111.839996,112.220001,106.722519,7203400
2020-10-27,112.150002,112.220001,110.029999,110.559998,105.143845,5936100
2020-10-28,108.660004,109.730003,105.919998,106.650002,101.425392,9427300
2020-10-29,107.250000,109.639999,106.550003,108.910004,103.574677,6760200
2020-10-30,107.900002,111.800003,107.750000,111.660004,106.189964,7921500
2020-11-02,112.650002,113.830002,112.250000,112.910004,107.378716,5311500
2020-11-03,114.000000,115.650002,113.629997,114.160004,108.567482,4204300
2020-11-04,112.330002,113.910004,111.160004,111.900002,106.418198,5800100
2020-11-05,113.300003,115.290001,113.010002,114.769997,109.147606,4902200
2020-11-06,115.080002,115.099998,113.389999,114.040001,108.453369,5249200
2020-11-09,117.879997,119.739998,115.269997,115.529999,111.463547,8992200
2020-11-10,116.690002,118.169998,116.250000,117.910004,113.759773,5622800
2020-11-11,118.120003,118.349998,116.220001,117.199997,113.074768,4289600
2020-11-12,115.629997,116.370003,113.480003,114.500000,110.469803,6498200
2020-11-13,115.190002,117.370003,115.010002,116.849998,112.737083,4682600
2020-11-16,118.300003,118.550003,117.120003,118.360001,114.193939,5293400
2020-11-17,117.599998,118.540001,117.070000,117.699997,113.557167,4134500
2020-11-18,117.720001,118.879997,116.750000,116.769997,112.659904,4606800
2020-11-19,116.540001,117.449997,115.889999,117.180000,113.055473,3439600
2020-11-20,117.599998,118.040001,116.690002,116.940002,112.823914,5024300
2020-11-23,117.430000,120.519997,117.269997,120.089996,115.863037,5650400
2020-11-24,120.860001,124.730003,120.809998,124.419998,120.040634,7752500
2020-11-25,122.930000,124.330002,122.110001,124.199997,119.828384,4135900
2020-11-27,124.199997,125.309998,123.910004,124.349998,119.973099,2091200
2020-11-30,124.099998,125.000000,123.089996,123.519997,119.172310,5988000
2020-12-01,123.900002,125.830002,123.080002,123.160004,118.824997,5309100
2020-12-02,122.849998,124.639999,122.410004,124.620003,120.233597,3690700
2020-12-03,124.160004,124.860001,123.290001,123.610001,119.259148,4548200
2020-12-04,123.970001,127.379997,123.639999,127.199997,122.722786,5522800
2020-12-07,126.489998,126.970001,124.570000,124.699997,120.310776,8318500
2020-12-08,125.320000,126.330002,124.639999,125.709999,121.285233,5395000
2020-12-09,125.800003,127.690002,125.699997,126.790001,122.327217,6513500
2020-12-10,126.349998,126.930000,124.940002,124.959999,120.561630,4803200
2020-12-11,124.080002,125.510002,123.610001,124.269997,119.895912,4481400
2020-12-14,125.320000,126.239998,123.470001,123.529999,119.181961,5050000
2020-12-15,124.389999,125.930000,123.440002,125.930000,121.497490,4356200
2020-12-16,125.930000,126.570000,125.290001,125.550003,121.130859,4530100
2020-12-17,126.080002,126.089996,124.910004,125.550003,121.130859,3788000
2020-12-18,125.589996,126.400002,124.970001,125.849998,121.420303,7552800
2020-12-21,123.970001,124.180000,121.720001,123.389999,119.046890,6115700
2020-12-22,123.309998,124.220001,122.410004,123.610001,119.259148,4336100
2020-12-23,123.879997,125.209999,123.739998,123.900002,119.538940,2693900
2020-12-24,125.000000,125.099998,124.209999,124.690002,120.301132,1761100
2020-12-28,125.099998,126.599998,124.459999,124.820000,120.426559,3615200
2020-12-29,125.349998,125.480003,123.239998,123.800003,119.442467,3487000
2020-12-30,123.800003,124.849998,123.629997,124.339996,119.963455,3380300
2020-12-31,124.220001,126.029999,123.989998,125.879997,121.449242,3574400
2021-01-04,125.849998,125.919998,123.040001,123.940002,119.577530,5179200
2021-01-05,125.010002,126.680000,124.610001,126.139999,121.700096,6114600
2021-01-06,126.900002,131.880005,126.720001,129.289993,124.739220,7956700
2021-01-07,130.039993,130.460007,128.259995,128.990005,124.449783,4507400
2021-01-08,128.570007,129.320007,126.980003,128.529999,124.005974,4676200
2021-01-11,127.949997,129.679993,127.660004,128.580002,124.054214,5601900
2021-01-12,129.089996,129.850006,127.940002,129.210007,124.662048,3749200
2021-01-13,129.149994,129.750000,126.459999,126.919998,122.452644,7677700
2021-01-14,128.020004,130.160004,127.550003,128.970001,124.430489,7503200
2021-01-15,128.279999,129.240005,127.669998,128.389999,123.870895,4905500
2021-01-19,129.279999,129.589996,128.089996,129.020004,124.478729,5398000
2021-01-20,129.699997,131.059998,128.559998,130.080002,125.501419,5598700
2021-01-21,130.119995,132.240005,130.050003,131.649994,127.016144,12539200
2021-01-22,120.699997,120.699997,117.360001,118.610001,114.435143,38063500
2021-01-25,118.760002,119.540001,117.449997,118.580002,114.406197,13686400
2021-01-26,119.180000,122.589996,118.419998,122.489998,118.178566,10694700
2021-01-27,122.080002,124.790001,121.620003,122.470001,118.159271,12146500
2021-01-28,122.800003,123.199997,120.070000,120.080002,115.853401,8084100
2021-01-29,120.220001,121.300003,118.900002,119.110001,114.917534,11825500
2021-02-01,119.900002,120.949997,118.730003,120.540001,116.297203,6250500
2021-02-02,119.360001,121.000000,119.279999,119.440002,115.235931,6341900
2021-02-03,119.040001,119.800003,118.120003,119.120003,114.927193,6715400
2021-02-04,119.910004,121.099998,118.870003,121.019997,116.760307,4562100
2021-02-05,121.000000,121.809998,120.519997,121.790001,117.503204,4565700
2021-02-08,122.620003,123.980003,122.400002,123.610001,119.259148,5888000
2021-02-09,121.900002,122.599998,121.050003,122.099998,119.376472,4717000
2021-02-10,123.029999,123.410004,121.209999,122.239998,119.513344,4866800
2021-02-11,122.000000,122.209999,120.629997,120.910004,118.213020,5381600
2021-02-12,121.000000,121.360001,120.089996,120.800003,118.105469,3871200
2021-02-16,120.150002,120.599998,119.360001,120.070000,117.391747,6639800
2021-02-17,119.269997,120.559998,119.019997,119.970001,117.293983,3959100
2021-02-18,120.500000,120.940002,119.699997,120.730003,118.037033,5398100
2021-02-19,120.750000,120.760002,118.379997,118.989998,116.335838,6578700
2021-02-22,118.500000,121.129997,118.440002,120.860001,118.164131,5879200
2021-02-23,120.919998,121.349998,119.800003,120.709999,118.017471,4531300
2021-02-24,120.800003,123.489998,120.519997,123.209999,120.461708,5820000
2021-02-25,123.370003,124.349998,122.339996,122.470001,119.738220,5691800
2021-02-26,122.250000,122.250000,118.879997,118.930000,116.277176,9051000
2021-03-01,120.349998,122.320000,119.860001,120.739998,118.046806,5714500
2021-03-02,120.739998,121.900002,120.260002,120.330002,117.645958,4524300
2021-03-03,120.500000,122.629997,119.980003,122.360001,119.630669,7404300
2021-03-04,122.000000,123.220001,118.760002,120.110001,117.430855,8068500
2021-03-05,120.639999,123.750000,120.250000,122.830002,120.090195,6949300
2021-03-08,122.989998,126.849998,122.879997,124.809998,122.026016,7239200
2021-03-09,125.400002,126.430000,124.160004,124.180000,121.410080,5609000
2021-03-10,125.050003,128.240005,124.610001,127.870003,125.017769,7247800
2021-03-11,128.089996,128.639999,126.779999,127.139999,124.304054,5146900
2021-03-12,127.190002,127.680000,126.610001,127.610001,124.763565,4010100
2021-03-15,127.769997,128.750000,127.540001,128.580002,125.711929,3420600
2021-03-16,128.279999,128.520004,127.339996,128.240005,125.379517,4653200
2021-03-17,128.460007,129.490005,127.489998,129.029999,126.151886,4291400
2021-03-18,128.940002,131.000000,127.790001,130.059998,127.158913,5835700
2021-03-19,130.020004,130.440002,128.529999,128.899994,126.024788,9845000
2021-03-22,128.500000,130.720001,127.889999,130.550003,127.637985,4164900
2021-03-23,130.440002,131.559998,129.800003,130.460007,127.550011,4356400
2021-03-24,130.949997,132.110001,130.570007,130.619995,127.706429,4005000
2021-03-25,130.330002,133.240005,129.770004,133.070007,130.101791,5554000
2021-03-26,133.289993,136.479996,133.119995,136.380005,133.337952,5567600
2021-03-29,135.979996,137.070007,135.509995,135.860001,132.829544,4622700
2021-03-30,135.860001,136.270004,134.020004,134.720001,131.714981,4790400
2021-03-31,134.539993,134.710007,132.710007,133.259995,130.287537,4945100
2021-04-01,133.759995,133.929993,132.270004,133.229996,130.258209,4074000
2021-04-05,133.639999,136.690002,133.399994,135.929993,132.897964,5471300
2021-04-06,135.580002,135.639999,134.089996,134.220001,131.226135,3621000
2021-04-07,133.839996,134.940002,133.779999,134.929993,131.920288,2976000
2021-04-08,134.570007,135.630005,134.160004,135.119995,132.106049,4087200
2021-04-09,134.869995,135.740005,134.710007,135.729996,132.702438,3023900
2021-04-12,135.020004,135.369995,133.850006,134.589996,131.587875,3754000
2021-04-13,133.000000,133.619995,130.380005,131.179993,128.253922,8033500
2021-04-14,131.309998,132.779999,130.520004,132.630005,129.671600,5868000
2021-04-15,133.279999,133.869995,132.220001,132.580002,129.622696,3884000
2021-04-16,133.000000,134.100006,132.949997,133.589996,130.610168,5291800
2021-04-19,133.600006,133.820007,132.580002,133.119995,130.150650,8198600
2021-04-20,137.070007,139.770004,136.699997,138.160004,135.078247,15480600
2021-04-21,138.059998,143.729996,137.710007,143.550003,140.348007,11909000
2021-04-22,143.699997,144.740005,141.000000,141.279999,138.128647,7101400
2021-04-23,141.309998,143.610001,140.949997,142.429993,139.252975,4556000
2021-04-26,142.419998,143.630005,141.479996,141.570007,138.412186,4710800
2021-04-27,141.690002,142.559998,140.750000,142.009995,138.842361,3884000
2021-04-28,142.919998,143.399994,142.100006,143.000000,139.810287,3768100
2021-04-29,144.130005,148.740005,142.979996,144.240005,141.022629,4353900
2021-04-30,143.699997,143.830002,140.550003,141.880005,138.715271,8872200
2021-05-03,143.809998,145.750000,143.550003,144.750000,141.521240,5733500
2021-05-04,144.410004,146.589996,144.330002,145.750000,142.498932,6350500
2021-05-05,145.940002,145.940002,144.970001,145.220001,141.980759,4999900
2021-05-06,145.259995,148.509995,145.179993,148.419998,145.109390,7503500
2021-05-07,145.919998,146.139999,144.570007,145.460007,143.804413,7003500
2021-05-10,145.800003,148.380005,145.800003,146.169998,144.506332,6983400
2021-05-11,144.990005,145.190002,142.899994,144.220001,142.578522,7126400
2021-05-12,143.839996,144.149994,141.139999,141.300003,139.691757,5959600
2021-05-13,141.449997,144.899994,141.279999,144.169998,142.529099,4595800
2021-05-14,145.110001,145.690002,143.960007,144.679993,143.033279,2747400
2021-05-17,144.440002,145.800003,144.330002,145.110001,143.458389,4275100
2021-05-18,144.779999,145.300003,143.229996,143.910004,142.272064,3824100
2021-05-19,142.320007,143.199997,140.919998,143.190002,141.560257,4300700
2021-05-20,143.119995,144.910004,142.160004,143.880005,142.242401,4112500
2021-05-21,144.279999,145.699997,144.279999,144.740005,143.092606,4033500
2021-05-24,145.059998,145.389999,144.179993,144.720001,143.072830,3297600
2021-05-25,144.919998,145.000000,143.199997,143.789993,142.153412,3937200
2021-05-26,143.500000,143.990005,143.039993,143.380005,141.748093,3083800
2021-05-27,143.820007,144.770004,143.630005,143.820007,142.183090,5630300
2021-05-28,144.210007,144.330002,143.490005,143.740005,142.103989,2534600
2021-06-01,145.000000,145.830002,143.750000,144.190002,142.548874,2417500
2021-06-02,144.619995,145.750000,144.110001,145.720001,144.061447,2786900
2021-06-03,144.910004,145.880005,144.039993,145.550003,143.893387,4130600
2021-06-04,146.000000,147.550003,145.759995,147.419998,145.742096,3117900
2021-06-07,147.550003,148.740005,147.169998,148.020004,146.335281,3462700
2021-06-08,148.119995,150.199997,148.119995,149.070007,147.373337,5080100
2021-06-09,149.029999,151.070007,148.820007,150.669998,148.955109,5303300
2021-06-10,151.470001,152.839996,149.759995,150.539993,148.826584,4758500
2021-06-11,150.429993,151.850006,150.369995,151.279999,149.558167,3438300
2021-06-14,150.710007,151.029999,148.660004,150.029999,148.322403,3344800
2021-06-15,149.850006,149.910004,148.600006,149.360001,147.660019,2513300
2021-06-16,149.759995,149.759995,147.220001,147.830002,146.147446,3878900
2021-06-17,147.550003,148.059998,145.279999,145.600006,143.942825,4367400
2021-06-18,144.479996,144.679993,143.039993,143.119995,141.491043,9156500
2021-06-21,144.110001,147.070007,144.059998,146.649994,144.980865,4285500
2021-06-22,146.520004,146.809998,145.350006,146.360001,144.694168,2437000
2021-06-23,146.429993,146.500000,144.570007,144.610001,142.964081,3202600
2021-06-24,145.800003,146.190002,144.690002,145.440002,143.784637,3609700
2021-06-25,145.380005,146.929993,144.949997,146.839996,145.168701,3594200
2021-06-28,147.009995,147.300003,144.910004,145.289993,143.636337,3888900
2021-06-29,145.259995,146.740005,145.100006,145.550003,143.893387,2428500
2021-06-30,145.130005,146.929993,144.710007,146.589996,144.921539,3245100
2021-07-01,146.960007,147.500000,146.570007,146.839996,145.168701,2686100
2021-07-02,146.910004,146.949997,139.460007,140.020004,138.426331,16811200
2021-07-06,139.990005,140.419998,137.100006,138.779999,137.200439,8093700
2021-07-07,138.759995,140.330002,138.759995,139.820007,138.228607,4059700
2021-07-08,137.779999,141.309998,137.660004,140.740005,139.138138,5487400
2021-07-09,141.449997,141.979996,140.839996,141.520004,139.909256,3904100
2021-07-12,141.429993,141.960007,140.119995,140.919998,139.316086,3342600
2021-07-13,140.919998,140.919998,139.630005,140.279999,138.683365,3164300
2021-07-14,140.720001,140.750000,138.929993,139.820007,138.228607,4403500
2021-07-15,139.320007,140.460007,138.800003,140.449997,138.851425,3639700
2021-07-16,141.000000,141.000000,138.589996,138.899994,137.319077,4109300
2021-07-19,136.449997,138.490005,136.210007,137.919998,136.350235,8582300
2021-07-20,143.000000,144.919998,138.699997,139.970001,138.376892,13611700
2021-07-21,139.970001,141.389999,139.649994,141.300003,139.691757,4804000
2021-07-22,141.660004,141.809998,140.410004,140.710007,139.108475,3314200
2021-07-23,140.960007,141.699997,140.330002,141.339996,139.731308,4474200
2021-07-26,141.389999,143.000000,141.130005,142.770004,141.145035,4246300
2021-07-27,142.529999,143.639999,141.600006,142.750000,141.125259,3137000
2021-07-28,143.009995,143.100006,141.639999,141.770004,140.156418,2543800
2021-07-29,142.330002,142.960007,141.600006,141.929993,140.314575,2670900
2021-07-30,141.520004,141.850006,140.789993,140.960007,139.355637,3534600
2021-08-02,141.449997,143.059998,141.029999,141.419998,139.810394,2929500
2021-08-03,141.899994,144.699997,141.649994,144.070007,142.430237,4084700
2021-08-04,143.800003,144.179993,142.470001,142.759995,141.135132,2830100
2021-08-05,143.029999,143.410004,142.220001,142.770004,141.145035,2757400
2021-08-06,143.000000,144.389999,142.889999,144.089996,142.449997,3822600
2021-08-09,142.199997,142.500000,140.970001,141.250000,141.250000,4904100
2021-08-10,141.210007,141.809998,140.339996,141.380005,141.380005,5299900
2021-08-11,141.779999,142.770004,141.500000,142.130005,142.130005,4260000
2021-08-12,142.259995,143.149994,142.080002,143.070007,143.070007,2088700
2021-08-13,142.639999,143.580002,142.440002,143.179993,143.179993,1910100
2021-08-16,143.229996,143.740005,142.229996,143.589996,143.589996,2785200
2021-08-17,143.000000,143.160004,141.089996,142.419998,142.419998,3073800
2021-08-18,141.669998,141.919998,139.389999,139.470001,139.470001,3510700
2021-08-19,138.690002,139.449997,137.210007,138.020004,138.020004,4160100
2021-08-20,137.740005,139.380005,137.270004,139.110001,139.110001,2656300
2021-08-23,139.619995,140.149994,138.800003,139.619995,139.619995,3039600
2021-08-24,139.779999,140.229996,139.320007,139.839996,139.839996,2365600
2021-08-25,139.919998,140.800003,139.460007,139.860001,139.860001,2012800
2021-08-26,139.970001,140.800003,138.710007,138.779999,138.779999,2498700
2021-08-27,138.710007,139.589996,138.399994,139.410004,139.410004,2459500
2021-08-30,000.000000,000.000000,000.000000,000.000000,000.000000,0000000
2021-08-31,000.000000,000.000000,000.000000,000.000000,000.000000,0000000
2021-09-01,000.000000,000.000000,000.000000,000.000000,000.000000,0000000
2021-09-02,000.000000,000.000000,000.000000,000.000000,000.000000,0000000
2021-09-03,000.000000,000.000000,000.000000,000.000000,000.000000,0000000
2021-09-06,000.000000,000.000000,000.000000,000.000000,000.000000,0000000
2021-09-07,000.000000,000.000000,000.000000,000.000000,000.000000,0000000
2021-09-08,000.000000,000.000000,000.000000,000.000000,000.000000,0000000
2021-09-09,000.000000,000.000000,000.000000,000.000000,000.000000,0000000
2021-09-10,000.000000,000.000000,000.000000,000.000000,000.000000,0000000
2021-09-13,000.000000,000.000000,000.000000,000.000000,000.000000,0000000
2021-09-14,000.000000,000.000000,000.000000,000.000000,000.000000,0000000
2021-09-15,000.000000,000.000000,000.000000,000.000000,000.000000,0000000
2021-09-16,000.000000,000.000000,000.000000,000.000000,000.000000,0000000
2021-09-17,000.000000,000.000000,000.000000,000.000000,000.000000,0000000
2021-09-20,000.000000,000.000000,000.000000,000.000000,000.000000,0000000
2021-09-21,000.000000,000.000000,000.000000,000.000000,000.000000,0000000
2021-09-22,000.000000,000.000000,000.000000,000.000000,000.000000,0000000
2021-09-23,000.000000,000.000000,000.000000,000.000000,000.000000,0000000
2021-09-24,000.000000,000.000000,000.000000,000.000000,000.000000,0000000
2021-09-27,000.000000,000.000000,000.000000,000.000000,000.000000,0000000
2021-09-28,000.000000,000.000000,000.000000,000.000000,000.000000,0000000
2021-09-29,000.000000,000.000000,000.000000,000.000000,000.000000,0000000
2021-09-30,000.000000,000.000000,000.000000,000.000000,000.000000,0000000